ID,Kingdom,Phylum,Class,Order,Family,Genus,Species,mean,Label
ASV_20,Bacteria,Actinobacteria,Actinobacteria,Actinomycetales,Pseudonocardiaceae,Amycolatopsis,Unassigned,214.333333333333,ASV_20
ASV_154,Bacteria,Actinobacteria,Actinobacteria,Actinomycetales,Pseudonocardiaceae,Lentzea,Unassigned,43,ASV_154
ASV_62,Bacteria,Proteobacteria,Alphaproteobacteria,Rhizobiales,Rhizobiaceae,Ensifer,Ensifer_americanus,144,ASV_62
ASV_687,Bacteria,Proteobacteria,Gammaproteobacteria,Xanthomonadales,Xanthomonadaceae,Arenimonas,Arenimonas_daejeonensis,8.16666666666667,ASV_687
ASV_545,Bacteria,Proteobacteria,Alphaproteobacteria,Sphingomonadales,Sphingomonadaceae,Sphingomonas,Unassigned,12.8333333333333,ASV_545
ASV_877,Bacteria,Proteobacteria,Betaproteobacteria,Burkholderiales,Oxalobacteraceae,Unassigned,Unassigned,4.83333333333333,ASV_877
ASV_559,Bacteria,Actinobacteria,Actinobacteria,Actinomycetales,Micromonosporaceae,Unassigned,Unassigned,8,ASV_559
ASV_894,Bacteria,Actinobacteria,Actinobacteria,Actinomycetales,Micromonosporaceae,Unassigned,Unassigned,5.5,ASV_894
ASV_322,Bacteria,Proteobacteria,Alphaproteobacteria,Rhizobiales,Unassigned,Unassigned,Unassigned,45.3333333333333,ASV_322
ASV_649,Bacteria,Actinobacteria,Actinobacteria,Actinomycetales,Micromonosporaceae,Unassigned,Unassigned,19.8333333333333,ASV_649
ASV_705,Bacteria,Actinobacteria,Actinobacteria,Actinomycetales,Micromonosporaceae,Unassigned,Unassigned,16.1666666666667,ASV_705
ASV_913,Bacteria,Actinobacteria,Actinobacteria,Actinomycetales,Pseudonocardiaceae,Pseudonocardia,Pseudonocardia_xinjiangensis,14.6666666666667,ASV_913
ASV_385,Bacteria,Proteobacteria,Alphaproteobacteria,Sphingomonadales,Sphingomonadaceae,Sphingobium,Unassigned,13.3333333333333,ASV_385
ASV_767,Bacteria,Firmicutes,Bacilli,Bacillales,Bacillaceae_1,Bacillus,Unassigned,11.5,ASV_767
ASV_1234,Bacteria,Firmicutes,Bacilli,Bacillales,Paenibacillaceae_1,Brevibacillus,Brevibacillus_ginsengisoli,10.1666666666667,ASV_1234
ASV_819,Bacteria,Proteobacteria,Alphaproteobacteria,Rhizobiales,Hyphomicrobiaceae,Hyphomicrobium,Hyphomicrobium_zavarzinii,9.83333333333333,ASV_819
ASV_1373,Bacteria,Firmicutes,Bacilli,Bacillales,Paenibacillaceae_1,Brevibacillus,Unassigned,7.16666666666667,ASV_1373
ASV_1119,Bacteria,Proteobacteria,Gammaproteobacteria,Unassigned,Unassigned,Unassigned,Unassigned,6.66666666666667,ASV_1119
ASV_1479,Bacteria,Proteobacteria,Alphaproteobacteria,Unassigned,Unassigned,Unassigned,Unassigned,6.66666666666667,ASV_1479
ASV_1111,Bacteria,Proteobacteria,Alphaproteobacteria,Rhizobiales,Bradyrhizobiaceae,Bradyrhizobium,Bradyrhizobium_daqingense,6.33333333333333,ASV_1111
ASV_809,Bacteria,Proteobacteria,Betaproteobacteria,Burkholderiales,Comamonadaceae,Ramlibacter,Unassigned,6.33333333333333,ASV_809
ASV_1481,Bacteria,Firmicutes,Bacilli,Bacillales,Paenibacillaceae_1,Brevibacillus,Brevibacillus_ginsengisoli,6,ASV_1481
ASV_679,Bacteria,Actinobacteria,Actinobacteria,Unassigned,Unassigned,Unassigned,Unassigned,4.16666666666667,ASV_679
ASV_60,Bacteria,Proteobacteria,Betaproteobacteria,Burkholderiales,Unassigned,Unassigned,Unassigned,141.666666666667,ASV_60
ASV_143,Bacteria,Proteobacteria,Gammaproteobacteria,Pseudomonadales,Pseudomonadaceae,Unassigned,Unassigned,37.3333333333333,ASV_143
ASV_1,Bacteria,Actinobacteria,Actinobacteria,Actinomycetales,Thermomonosporaceae,Unassigned,Unassigned,1236.33333333333,ASV_1
ASV_173,Bacteria,Firmicutes,Bacilli,Bacillales,Paenibacillaceae_1,Paenibacillus,Paenibacillus_panacisoli,95,ASV_173
ASV_206,Bacteria,Proteobacteria,Alphaproteobacteria,Rhizobiales,Bradyrhizobiaceae,Bosea,Unassigned,57.1666666666667,ASV_206
ASV_444,Bacteria,Unassigned,Unassigned,Unassigned,Unassigned,Unassigned,Unassigned,14.5,ASV_444
ASV_744,Bacteria,Firmicutes,Bacilli,Bacillales,Paenibacillaceae_1,Paenibacillus,Unassigned,13.3333333333333,ASV_744
ASV_945,Bacteria,Proteobacteria,Betaproteobacteria,Burkholderiales,Oxalobacteraceae,Unassigned,Unassigned,12.8333333333333,ASV_945
ASV_654,Bacteria,Firmicutes,Bacilli,Bacillales,Paenibacillaceae_1,Paenibacillus,Paenibacillus_panacisoli,11,ASV_654
ASV_488,Bacteria,Proteobacteria,Unassigned,Unassigned,Unassigned,Unassigned,Unassigned,7.83333333333333,ASV_488
ASV_808,Bacteria,Actinobacteria,Actinobacteria,Actinomycetales,Streptomycetaceae,Streptomyces,Unassigned,7.16666666666667,ASV_808
ASV_1418,Bacteria,Actinobacteria,Actinobacteria,Actinomycetales,Streptosporangiaceae,Unassigned,Unassigned,5.16666666666667,ASV_1418
ASV_1238,Bacteria,Actinobacteria,Actinobacteria,Solirubrobacterales,Solirubrobacteraceae,Solirubrobacter,Unassigned,4.16666666666667,ASV_1238
ASV_165,Bacteria,Bacteroidetes,Flavobacteriia,Flavobacteriales,Flavobacteriaceae,Flavobacterium,Unassigned,34,ASV_165
ASV_264,Bacteria,Actinobacteria,Actinobacteria,Actinomycetales,Unassigned,Unassigned,Unassigned,20,ASV_264
ASV_503,Bacteria,Proteobacteria,Alphaproteobacteria,Rhodospirillales,Rhodospirillaceae,Dongia,Dongia_mobilis,6,ASV_503
ASV_153,Bacteria,Proteobacteria,Gammaproteobacteria,Xanthomonadales,Sinobacteraceae,Unassigned,Unassigned,36.8333333333333,ASV_153
ASV_244,Bacteria,Actinobacteria,Actinobacteria,Actinomycetales,Micromonosporaceae,Virgisporangium,Virgisporangium_ochraceum,35,ASV_244
ASV_367,Bacteria,Proteobacteria,Betaproteobacteria,Burkholderiales,Unassigned,Unassigned,Unassigned,17,ASV_367
ASV_928,Bacteria,Proteobacteria,Alphaproteobacteria,Rhizobiales,Bradyrhizobiaceae,Unassigned,Unassigned,7.5,ASV_928
ASV_964,Bacteria,Actinobacteria,Actinobacteria,Actinomycetales,Micromonosporaceae,Verrucosispora,Verrucosispora_andamanensis,5,ASV_964
ASV_923,Bacteria,Proteobacteria,Deltaproteobacteria,Myxococcales,Myxococcaceae,Unassigned,Unassigned,5.83333333333333,ASV_923
ASV_228,Bacteria,Proteobacteria,Betaproteobacteria,Burkholderiales,Burkholderiaceae,Burkholderia,Unassigned,20,ASV_228
ASV_3,Bacteria,Proteobacteria,Gammaproteobacteria,Pseudomonadales,Pseudomonadaceae,Rhizobacter,Rhizobacter_bergeniae,818.333333333333,ASV_3
ASV_39,Bacteria,Proteobacteria,Betaproteobacteria,Burkholderiales,Unassigned,Unassigned,Unassigned,218.166666666667,ASV_39
ASV_420,Bacteria,Proteobacteria,Betaproteobacteria,Burkholderiales,Burkholderiales_incertae_sedis,Unassigned,Unassigned,13,ASV_420
ASV_675,Bacteria,Actinobacteria,Actinobacteria,Actinomycetales,Intrasporangiaceae,Intrasporangium,Intrasporangium_oryzae,9,ASV_675
ASV_304,Bacteria,Proteobacteria,Alphaproteobacteria,Rhizobiales,Unassigned,Unassigned,Unassigned,10.8333333333333,ASV_304
ASV_468,Bacteria,Nitrospirae,Nitrospira,Nitrospirales,Nitrospiraceae,Nitrospira,Unassigned,6.5,ASV_468
ASV_1638,Bacteria,Proteobacteria,Alphaproteobacteria,Rhodospirillales,Unassigned,Reyranella,Reyranella_graminifolii,5.83333333333333,ASV_1638
ASV_1849,Bacteria,Firmicutes,Bacilli,Bacillales,Paenibacillaceae_1,Paenibacillus,Unassigned,5.33333333333333,ASV_1849
ASV_349,Bacteria,Proteobacteria,Alphaproteobacteria,Rhizobiales,Hyphomicrobiaceae,Pedomicrobium,Unassigned,20.6666666666667,ASV_349
ASV_375,Bacteria,Proteobacteria,Gammaproteobacteria,Pseudomonadales,Pseudomonadaceae,Permianibacter,Permianibacter_aggregans,12.8333333333333,ASV_375
ASV_293,Bacteria,Proteobacteria,Betaproteobacteria,Burkholderiales,Comamonadaceae,Roseateles,Unassigned,11.5,ASV_293
ASV_901,Bacteria,Candidatus_Saccharibacteria,Unassigned,Unassigned,Unassigned,Saccharibacteria_genera_incertae_sedis,Unassigned,7.5,ASV_901
ASV_711,Bacteria,Proteobacteria,Deltaproteobacteria,Bdellovibrionales,Bacteriovoracaceae,Peredibacter,Peredibacter_starrii,5.83333333333333,ASV_711
ASV_2074,Bacteria,Proteobacteria,Alphaproteobacteria,Rhizobiales,Rhizobiales_incertae_sedis,Phreatobacter,Phreatobacter_oligotrophus,4.33333333333333,ASV_2074
ASV_67,Bacteria,Proteobacteria,Gammaproteobacteria,Pseudomonadales,Pseudomonadaceae,Pseudomonas,Pseudomonas_chlororaphis_subsp._piscium,38,ASV_67
ASV_61,Bacteria,Proteobacteria,Betaproteobacteria,Burkholderiales,Oxalobacteraceae,Noviherbaspirillum,Noviherbaspirillum_suwonense,93.6666666666667,ASV_61
ASV_94,Bacteria,Proteobacteria,Betaproteobacteria,Burkholderiales,Burkholderiales_incertae_sedis,Aquabacterium,Unassigned,85,ASV_94
ASV_661,Bacteria,Proteobacteria,Gammaproteobacteria,Pseudomonadales,Pseudomonadaceae,Pseudomonas,Unassigned,16.8333333333333,ASV_661
ASV_1098,Bacteria,Proteobacteria,Unassigned,Unassigned,Unassigned,Unassigned,Unassigned,8.5,ASV_1098
ASV_116,Bacteria,Actinobacteria,Actinobacteria,Actinomycetales,Pseudonocardiaceae,Kibdelosporangium,Kibdelosporangium_phytohabitans,100.333333333333,ASV_116
ASV_411,Bacteria,Proteobacteria,Gammaproteobacteria,Xanthomonadales,Xanthomonadaceae,Arenimonas,Arenimonas_daejeonensis,12.3333333333333,ASV_411
ASV_975,Bacteria,Chloroflexi,Unassigned,Unassigned,Unassigned,Unassigned,Unassigned,9.66666666666667,ASV_975
ASV_69,Bacteria,Actinobacteria,Actinobacteria,Actinomycetales,Pseudonocardiaceae,Kibdelosporangium,Kibdelosporangium_phytohabitans,210.666666666667,ASV_69
ASV_90,Bacteria,Proteobacteria,Gammaproteobacteria,Pseudomonadales,Pseudomonadaceae,Pseudomonas,Unassigned,55.1666666666667,ASV_90
ASV_330,Bacteria,Proteobacteria,Betaproteobacteria,Burkholderiales,Comamonadaceae,Hydrogenophaga,Unassigned,19.1666666666667,ASV_330
ASV_1015,Bacteria,Proteobacteria,Unassigned,Unassigned,Unassigned,Unassigned,Unassigned,5.5,ASV_1015
ASV_105,Bacteria,Proteobacteria,Alphaproteobacteria,Rhizobiales,Hyphomicrobiaceae,Devosia,Unassigned,89,ASV_105
ASV_1758,Bacteria,Actinobacteria,Actinobacteria,Solirubrobacterales,Unassigned,Unassigned,Unassigned,7.66666666666667,ASV_1758
ASV_239,Bacteria,Proteobacteria,Betaproteobacteria,Methylophilales,Methylophilaceae,Unassigned,Unassigned,23.3333333333333,ASV_239
ASV_588,Bacteria,Actinobacteria,Actinobacteria,Actinomycetales,Micromonosporaceae,Unassigned,Unassigned,8.66666666666667,ASV_588
ASV_747,Bacteria,Proteobacteria,Alphaproteobacteria,Rhizobiales,Unassigned,Unassigned,Unassigned,6,ASV_747
ASV_217,Bacteria,Proteobacteria,Gammaproteobacteria,Pseudomonadales,Pseudomonadaceae,Cellvibrio,Unassigned,14.1666666666667,ASV_217
ASV_277,Bacteria,Actinobacteria,Actinobacteria,Actinomycetales,Nocardioidaceae,Aeromicrobium,Unassigned,28.3333333333333,ASV_277
ASV_224,Bacteria,Actinobacteria,Actinobacteria,Actinomycetales,Pseudonocardiaceae,Saccharothrix,Saccharothrix_longispora,30.8333333333333,ASV_224
ASV_1030,Bacteria,Actinobacteria,Actinobacteria,Actinomycetales,Micromonosporaceae,Unassigned,Unassigned,4.66666666666667,ASV_1030
ASV_1409,Bacteria,Proteobacteria,Alphaproteobacteria,Rhodospirillales,Unassigned,Reyranella,Unassigned,4,ASV_1409
ASV_2350,Bacteria,Firmicutes,Bacilli,Bacillales,Bacillaceae_2,Gracilibacillus,Gracilibacillus_kekensis,5,ASV_2350
ASV_1013,Bacteria,Firmicutes,Bacilli,Bacillales,Unassigned,Unassigned,Unassigned,4.33333333333333,ASV_1013
ASV_774,Bacteria,Proteobacteria,Gammaproteobacteria,Xanthomonadales,Xanthomonadaceae,Unassigned,Unassigned,5.5,ASV_774
ASV_416,Bacteria,Actinobacteria,Actinobacteria,Actinomycetales,Pseudonocardiaceae,Actinophytocola,Unassigned,17.3333333333333,ASV_416
ASV_879,Bacteria,Unassigned,Unassigned,Unassigned,Unassigned,Unassigned,Unassigned,8.83333333333333,ASV_879
ASV_2717,Bacteria,Firmicutes,Bacilli,Bacillales,Bacillaceae_1,Bacillus,Bacillus_horti,5.33333333333333,ASV_2717
ASV_1321,Bacteria,Proteobacteria,Alphaproteobacteria,Rhizobiales,Hyphomicrobiaceae,Hyphomicrobium,Unassigned,4.83333333333333,ASV_1321
ASV_546,Bacteria,Proteobacteria,Alphaproteobacteria,Unassigned,Unassigned,Unassigned,Unassigned,9.83333333333333,ASV_546
ASV_527,Bacteria,Proteobacteria,Betaproteobacteria,Burkholderiales,Burkholderiaceae,Unassigned,Unassigned,10.1666666666667,ASV_527
ASV_853,Bacteria,Proteobacteria,Gammaproteobacteria,Xanthomonadales,Xanthomonadaceae,Lysobacter,Unassigned,9,ASV_853
ASV_576,Bacteria,Proteobacteria,Alphaproteobacteria,Rhizobiales,Hyphomicrobiaceae,Pedomicrobium,Unassigned,7.16666666666667,ASV_576
ASV_485,Bacteria,Proteobacteria,Gammaproteobacteria,Xanthomonadales,Xanthomonadaceae,Lysobacter,Lysobacter_panacisoli,6,ASV_485
ASV_962,Bacteria,Actinobacteria,Actinobacteria,Actinomycetales,Micromonosporaceae,Micromonospora,Unassigned,6.5,ASV_962
ASV_822,Bacteria,Actinobacteria,Actinobacteria,Actinomycetales,Nocardioidaceae,Nocardioides,Nocardioides_ginsengagri,10.6666666666667,ASV_822
ASV_620,Bacteria,Actinobacteria,Actinobacteria,Actinomycetales,Pseudonocardiaceae,Pseudonocardia,Pseudonocardia_adelaidensis,8.33333333333333,ASV_620
ASV_25,Bacteria,Actinobacteria,Actinobacteria,Actinomycetales,Pseudonocardiaceae,Actinophytocola,Actinophytocola_burenkhanensis,258.333333333333,ASV_25
ASV_51,Bacteria,Bacteroidetes,Flavobacteriia,Flavobacteriales,Flavobacteriaceae,Flavobacterium,Unassigned,175.833333333333,ASV_51
ASV_779,Bacteria,Proteobacteria,Alphaproteobacteria,Rhizobiales,Unassigned,Unassigned,Unassigned,8.16666666666667,ASV_779
ASV_121,Bacteria,Proteobacteria,Unassigned,Unassigned,Unassigned,Unassigned,Unassigned,35.5,ASV_121
ASV_840,Bacteria,Actinobacteria,Actinobacteria,Actinomycetales,Nocardioidaceae,Nocardioides,Unassigned,4,ASV_840
ASV_757,Bacteria,Proteobacteria,Betaproteobacteria,Burkholderiales,Burkholderiaceae,Cupriavidus,Cupriavidus_necator,8.83333333333333,ASV_757
ASV_1026,Bacteria,Actinobacteria,Actinobacteria,Actinomycetales,Micrococcaceae,Arthrobacter,Unassigned,5,ASV_1026
ASV_71,Bacteria,Proteobacteria,Alphaproteobacteria,Sphingomonadales,Sphingomonadaceae,Sphingopyxis,Sphingopyxis_soli,112,ASV_71
ASV_713,Bacteria,Proteobacteria,Alphaproteobacteria,Rhizobiales,Unassigned,Unassigned,Unassigned,7.83333333333333,ASV_713
ASV_40,Bacteria,Chloroflexi,Chloroflexia,Herpetosiphonales,Herpetosiphonaceae,Herpetosiphon,Unassigned,44,ASV_40
ASV_812,Bacteria,Actinobacteria,Actinobacteria,Actinomycetales,Mycobacteriaceae,Mycobacterium,Unassigned,4.5,ASV_812
ASV_124,Bacteria,Proteobacteria,Unassigned,Unassigned,Unassigned,Unassigned,Unassigned,46.1666666666667,ASV_124
ASV_241,Bacteria,Proteobacteria,Betaproteobacteria,Unassigned,Unassigned,Unassigned,Unassigned,13.8333333333333,ASV_241
ASV_21,Bacteria,Actinobacteria,Actinobacteria,Actinomycetales,Nocardioidaceae,Kribbella,Kribbella_catacumbae,178.666666666667,ASV_21
ASV_578,Bacteria,Proteobacteria,Alphaproteobacteria,Sphingomonadales,Erythrobacteraceae,Unassigned,Unassigned,13,ASV_578
ASV_225,Bacteria,Proteobacteria,Deltaproteobacteria,Bdellovibrionales,Bacteriovoracaceae,Peredibacter,Peredibacter_starrii,27.8333333333333,ASV_225
ASV_419,Bacteria,Proteobacteria,Gammaproteobacteria,Xanthomonadales,Xanthomonadaceae,Arenimonas,Arenimonas_daejeonensis,14,ASV_419
ASV_66,Bacteria,Proteobacteria,Alphaproteobacteria,Rhodospirillales,Rhodospirillaceae,Dongia,Dongia_mobilis,60.1666666666667,ASV_66
ASV_489,Bacteria,Proteobacteria,Alphaproteobacteria,Unassigned,Unassigned,Unassigned,Unassigned,7.33333333333333,ASV_489
ASV_643,Bacteria,Proteobacteria,Deltaproteobacteria,Unassigned,Unassigned,Unassigned,Unassigned,6,ASV_643
ASV_294,Bacteria,Proteobacteria,Gammaproteobacteria,Xanthomonadales,Sinobacteraceae,Unassigned,Unassigned,13.1666666666667,ASV_294
ASV_452,Bacteria,Actinobacteria,Actinobacteria,Actinomycetales,Microbacteriaceae,Microbacterium,Microbacterium_aerolatum,13.1666666666667,ASV_452
ASV_647,Bacteria,Proteobacteria,Alphaproteobacteria,Unassigned,Unassigned,Unassigned,Unassigned,6.5,ASV_647
ASV_852,Bacteria,Actinobacteria,Actinobacteria,Actinomycetales,Nocardioidaceae,Aeromicrobium,Unassigned,4.33333333333333,ASV_852
ASV_873,Bacteria,Actinobacteria,Actinobacteria,Actinomycetales,Mycobacteriaceae,Mycobacterium,Unassigned,4.5,ASV_873
ASV_132,Bacteria,Proteobacteria,Betaproteobacteria,Burkholderiales,Unassigned,Unassigned,Unassigned,66.3333333333333,ASV_132
ASV_128,Bacteria,Proteobacteria,Betaproteobacteria,Burkholderiales,Comamonadaceae,Unassigned,Unassigned,32.5,ASV_128
ASV_318,Bacteria,Spirochaetes,Spirochaetia,Spirochaetales,Leptospiraceae,Turneriella,Turneriella_parva,9.66666666666667,ASV_318
ASV_455,Bacteria,Proteobacteria,Betaproteobacteria,Burkholderiales,Unassigned,Unassigned,Unassigned,6.33333333333333,ASV_455
ASV_417,Bacteria,Proteobacteria,Alphaproteobacteria,Rhizobiales,Unassigned,Unassigned,Unassigned,13.6666666666667,ASV_417
ASV_491,Bacteria,Actinobacteria,Actinobacteria,Actinomycetales,Micromonosporaceae,Rhizocola,Rhizocola_hellebori,6.5,ASV_491
ASV_517,Bacteria,Actinobacteria,Actinobacteria,Actinomycetales,Pseudonocardiaceae,Unassigned,Unassigned,19.5,ASV_517
ASV_378,Bacteria,Actinobacteria,Actinobacteria,Actinomycetales,Micromonosporaceae,Verrucosispora,Verrucosispora_andamanensis,16.6666666666667,ASV_378
ASV_539,Bacteria,Actinobacteria,Actinobacteria,Actinomycetales,Micromonosporaceae,Unassigned,Unassigned,14.3333333333333,ASV_539
ASV_1313,Bacteria,Firmicutes,Clostridia,Clostridiales,Lachnospiraceae,Unassigned,Unassigned,7.33333333333333,ASV_1313
ASV_1719,Bacteria,Bacteroidetes,Flavobacteriia,Flavobacteriales,Flavobacteriaceae,Flavobacterium,Unassigned,5.33333333333333,ASV_1719
ASV_511,Bacteria,Proteobacteria,Alphaproteobacteria,Rhizobiales,Hyphomicrobiaceae,Devosia,Unassigned,17.1666666666667,ASV_511
ASV_1317,Bacteria,Proteobacteria,Alphaproteobacteria,Sphingomonadales,Sphingomonadaceae,Unassigned,Unassigned,8,ASV_1317
ASV_283,Bacteria,Proteobacteria,Gammaproteobacteria,Xanthomonadales,Sinobacteraceae,Steroidobacter,Unassigned,16.1666666666667,ASV_283
ASV_911,Bacteria,Bacteroidetes,Unassigned,Unassigned,Unassigned,Unassigned,Unassigned,4.16666666666667,ASV_911
ASV_1912,Bacteria,Actinobacteria,Actinobacteria,Actinomycetales,Micromonosporaceae,Actinoplanes,Unassigned,6.5,ASV_1912
ASV_97,Bacteria,Proteobacteria,Betaproteobacteria,Burkholderiales,Comamonadaceae,Pelomonas,Pelomonas_puraquae,77.8333333333333,ASV_97
ASV_220,Bacteria,Proteobacteria,Unassigned,Unassigned,Unassigned,Unassigned,Unassigned,32.8333333333333,ASV_220
ASV_728,Bacteria,Proteobacteria,Alphaproteobacteria,Rhodospirillales,Rhodospirillaceae,Dongia,Dongia_mobilis,5,ASV_728
ASV_535,Bacteria,Proteobacteria,Alphaproteobacteria,Rhizobiales,Unassigned,Unassigned,Unassigned,11.3333333333333,ASV_535
ASV_310,Bacteria,Proteobacteria,Gammaproteobacteria,Pseudomonadales,Pseudomonadaceae,Pseudomonas,Unassigned,9.5,ASV_310
ASV_53,Bacteria,Actinobacteria,Actinobacteria,Actinomycetales,Microbacteriaceae,Agromyces,Unassigned,118.333333333333,ASV_53
ASV_956,Bacteria,Proteobacteria,Alphaproteobacteria,Sphingomonadales,Unassigned,Unassigned,Unassigned,6.33333333333333,ASV_956
ASV_2197,Bacteria,Firmicutes,Bacilli,Bacillales,Paenibacillaceae_1,Paenibacillus,Unassigned,5,ASV_2197
ASV_73,Bacteria,Proteobacteria,Betaproteobacteria,Burkholderiales,Oxalobacteraceae,Unassigned,Unassigned,146.833333333333,ASV_73
ASV_415,Bacteria,Firmicutes,Clostridia,Clostridiales,Clostridiaceae_1,Clostridium_sensu_stricto,Unassigned,25,ASV_415
ASV_161,Bacteria,Bacteroidetes,Cytophagia,Cytophagales,Unassigned,Ohtaekwangia,Ohtaekwangia_koreensis,5.83333333333333,ASV_161
ASV_623,Bacteria,Actinobacteria,Actinobacteria,Actinomycetales,Kineosporiaceae,Unassigned,Unassigned,5.83333333333333,ASV_623
ASV_765,Bacteria,Proteobacteria,Alphaproteobacteria,Rhizobiales,Hyphomicrobiaceae,Hyphomicrobium,Hyphomicrobium_vulgare,8.66666666666667,ASV_765
ASV_700,Bacteria,Actinobacteria,Actinobacteria,Actinomycetales,Nocardioidaceae,Nocardioides,Unassigned,6.16666666666667,ASV_700
ASV_1635,Bacteria,Proteobacteria,Alphaproteobacteria,Rhizobiales,Unassigned,Unassigned,Unassigned,4.5,ASV_1635
ASV_413,Bacteria,Proteobacteria,Alphaproteobacteria,Rhizobiales,Phyllobacteriaceae,Unassigned,Unassigned,11,ASV_413
ASV_602,Bacteria,Firmicutes,Bacilli,Bacillales,Paenibacillaceae_1,Paenibacillus,Unassigned,11.6666666666667,ASV_602
ASV_118,Bacteria,Proteobacteria,Betaproteobacteria,Burkholderiales,Comamonadaceae,Variovorax,Unassigned,53.8333333333333,ASV_118
ASV_917,Bacteria,Bacteroidetes,Flavobacteriia,Flavobacteriales,Flavobacteriaceae,Flavobacterium,Unassigned,6.83333333333333,ASV_917
ASV_839,Bacteria,Actinobacteria,Actinobacteria,Actinomycetales,Promicromonosporaceae,Promicromonospora,Unassigned,6.66666666666667,ASV_839
ASV_1591,Bacteria,Actinobacteria,Actinobacteria,Actinomycetales,Thermomonosporaceae,Unassigned,Unassigned,8.66666666666667,ASV_1591
ASV_625,Bacteria,Proteobacteria,Alphaproteobacteria,Rhizobiales,Unassigned,Unassigned,Unassigned,6,ASV_625
ASV_1390,Bacteria,Proteobacteria,Gammaproteobacteria,Unassigned,Unassigned,Unassigned,Unassigned,5.5,ASV_1390
ASV_391,Bacteria,Proteobacteria,Betaproteobacteria,Burkholderiales,Oxalobacteraceae,Unassigned,Unassigned,25.6666666666667,ASV_391
ASV_438,Bacteria,Proteobacteria,Alphaproteobacteria,Rhizobiales,Hyphomicrobiaceae,Hyphomicrobium,Hyphomicrobium_sulfonivorans,18.8333333333333,ASV_438
ASV_1176,Bacteria,Proteobacteria,Alphaproteobacteria,Sphingomonadales,Sphingomonadaceae,Sphingomonas,Unassigned,4.16666666666667,ASV_1176
ASV_109,Bacteria,Actinobacteria,Actinobacteria,Actinomycetales,Pseudonocardiaceae,Unassigned,Unassigned,23.8333333333333,ASV_109
ASV_458,Bacteria,Firmicutes,Bacilli,Bacillales,Bacillaceae_1,Bacillus,Bacillus_abyssalis,15.8333333333333,ASV_458
ASV_208,Bacteria,Actinobacteria,Actinobacteria,Actinomycetales,Streptomycetaceae,Streptomyces,Unassigned,14.8333333333333,ASV_208
ASV_297,Bacteria,Actinobacteria,Actinobacteria,Solirubrobacterales,Unassigned,Unassigned,Unassigned,16.1666666666667,ASV_297
ASV_470,Bacteria,Acidobacteria,Acidobacteria_Gp10,Unassigned,Unassigned,Gp10,Unassigned,7.5,ASV_470
ASV_820,Bacteria,Proteobacteria,Gammaproteobacteria,Xanthomonadales,Xanthomonadaceae,Unassigned,Unassigned,10.8333333333333,ASV_820
ASV_1505,Bacteria,Unassigned,Unassigned,Unassigned,Unassigned,Unassigned,Unassigned,5.16666666666667,ASV_1505
ASV_642,Bacteria,Proteobacteria,Gammaproteobacteria,Xanthomonadales,Sinobacteraceae,Steroidobacter,Steroidobacter_denitrificans,5.66666666666667,ASV_642
ASV_414,Bacteria,Actinobacteria,Actinobacteria,Actinomycetales,Streptomycetaceae,Streptomyces,Unassigned,9.33333333333333,ASV_414
ASV_1032,Bacteria,Proteobacteria,Unassigned,Unassigned,Unassigned,Unassigned,Unassigned,5.16666666666667,ASV_1032
ASV_827,Bacteria,Proteobacteria,Gammaproteobacteria,Xanthomonadales,Xanthomonadaceae,Lysobacter,Unassigned,5.5,ASV_827
ASV_1889,Bacteria,Firmicutes,Bacilli,Bacillales,Paenibacillaceae_1,Brevibacillus,Unassigned,6,ASV_1889
ASV_80,Bacteria,Proteobacteria,Gammaproteobacteria,Xanthomonadales,Xanthomonadaceae,Pseudoxanthomonas,Pseudoxanthomonas_wuyuanensis,64.1666666666667,ASV_80
ASV_888,Bacteria,Proteobacteria,Alphaproteobacteria,Rhizobiales,Phyllobacteriaceae,Mesorhizobium,Unassigned,5.33333333333333,ASV_888
ASV_193,Bacteria,Actinobacteria,Actinobacteria,Actinomycetales,Pseudonocardiaceae,Pseudonocardia,Unassigned,25.6666666666667,ASV_193
ASV_309,Bacteria,Chloroflexi,Chloroflexia,Chloroflexales,Unassigned,Unassigned,Unassigned,16.8333333333333,ASV_309
ASV_775,Bacteria,Proteobacteria,Alphaproteobacteria,Sphingomonadales,Sphingomonadaceae,Sphingosinicella,Sphingosinicella_vermicomposti,7.16666666666667,ASV_775
ASV_1201,Bacteria,Proteobacteria,Deltaproteobacteria,Myxococcales,Myxococcaceae,Unassigned,Unassigned,6.33333333333333,ASV_1201
ASV_2250,Bacteria,Proteobacteria,Betaproteobacteria,Burkholderiales,Burkholderiales_incertae_sedis,Unassigned,Unassigned,28,ASV_2250
ASV_1161,Bacteria,Acidobacteria,Acidobacteria_Gp10,Unassigned,Unassigned,Gp10,Unassigned,4.66666666666667,ASV_1161
ASV_1508,Bacteria,Firmicutes,Bacilli,Bacillales,Paenibacillaceae_1,Paenibacillus,Unassigned,6,ASV_1508
ASV_312,Bacteria,Proteobacteria,Alphaproteobacteria,Caulobacterales,Caulobacteraceae,Brevundimonas,Brevundimonas_basaltis,30.6666666666667,ASV_312
ASV_494,Bacteria,Actinobacteria,Actinobacteria,Actinomycetales,Unassigned,Unassigned,Unassigned,10.3333333333333,ASV_494
ASV_1310,Bacteria,Proteobacteria,Gammaproteobacteria,Xanthomonadales,Xanthomonadaceae,Arenimonas,Unassigned,5.16666666666667,ASV_1310
ASV_328,Bacteria,Proteobacteria,Betaproteobacteria,Burkholderiales,Comamonadaceae,Variovorax,Variovorax_guangxiensis,33.6666666666667,ASV_328
ASV_493,Bacteria,Proteobacteria,Unassigned,Unassigned,Unassigned,Unassigned,Unassigned,13.5,ASV_493
ASV_218,Bacteria,Chloroflexi,Unassigned,Unassigned,Unassigned,Unassigned,Unassigned,45.3333333333333,ASV_218
ASV_57,Bacteria,Proteobacteria,Betaproteobacteria,Burkholderiales,Oxalobacteraceae,Unassigned,Unassigned,115.5,ASV_57
ASV_898,Bacteria,Actinobacteria,Actinobacteria,Gaiellales,Gaiellaceae,Gaiella,Gaiella_occulta,5,ASV_898
ASV_11,Bacteria,Proteobacteria,Betaproteobacteria,Burkholderiales,Oxalobacteraceae,Unassigned,Unassigned,377.833333333333,ASV_11
ASV_960,Bacteria,Proteobacteria,Alphaproteobacteria,Rhodospirillales,Rhodospirillaceae,Dongia,Dongia_mobilis,5.5,ASV_960
ASV_697,Bacteria,Proteobacteria,Betaproteobacteria,Burkholderiales,Comamonadaceae,Unassigned,Unassigned,5,ASV_697
ASV_611,Bacteria,Proteobacteria,Alphaproteobacteria,Rhizobiales,Hyphomicrobiaceae,Devosia,Unassigned,10.1666666666667,ASV_611
ASV_1044,Bacteria,Proteobacteria,Gammaproteobacteria,Xanthomonadales,Xanthomonadaceae,Unassigned,Unassigned,5.66666666666667,ASV_1044
ASV_262,Bacteria,Actinobacteria,Actinobacteria,Actinomycetales,Promicromonosporaceae,Promicromonospora,Unassigned,20.6666666666667,ASV_262
ASV_662,Bacteria,Firmicutes,Bacilli,Bacillales,Paenibacillaceae_1,Paenibacillus,Unassigned,18,ASV_662
ASV_547,Bacteria,Proteobacteria,Betaproteobacteria,Burkholderiales,Burkholderiales_incertae_sedis,Piscinibacter,Piscinibacter_aquaticus,7.16666666666667,ASV_547
ASV_564,Bacteria,Actinobacteria,Actinobacteria,Solirubrobacterales,Unassigned,Unassigned,Unassigned,8.5,ASV_564
ASV_477,Bacteria,Proteobacteria,Alphaproteobacteria,Rhizobiales,Rhizobiaceae,Unassigned,Unassigned,15.5,ASV_477
ASV_63,Bacteria,Proteobacteria,Alphaproteobacteria,Caulobacterales,Caulobacteraceae,Phenylobacterium,Phenylobacterium_composti,135.333333333333,ASV_63
ASV_369,Bacteria,Proteobacteria,Alphaproteobacteria,Rhizobiales,Hyphomicrobiaceae,Devosia,Unassigned,18.1666666666667,ASV_369
ASV_147,Bacteria,Proteobacteria,Alphaproteobacteria,Caulobacterales,Caulobacteraceae,Phenylobacterium,Phenylobacterium_composti,46,ASV_147
ASV_454,Bacteria,Actinobacteria,Actinobacteria,Actinomycetales,Micromonosporaceae,Unassigned,Unassigned,4.83333333333333,ASV_454
ASV_490,Bacteria,Actinobacteria,Actinobacteria,Actinomycetales,Micromonosporaceae,Unassigned,Unassigned,13.1666666666667,ASV_490
ASV_429,Bacteria,Proteobacteria,Deltaproteobacteria,Unassigned,Unassigned,Unassigned,Unassigned,8.66666666666667,ASV_429
ASV_562,Bacteria,Proteobacteria,Alphaproteobacteria,Sphingomonadales,Sphingomonadaceae,Unassigned,Unassigned,9.5,ASV_562
ASV_1121,Bacteria,Actinobacteria,Actinobacteria,Actinomycetales,Pseudonocardiaceae,Pseudonocardia,Pseudonocardia_parietis,6,ASV_1121
ASV_871,Bacteria,Proteobacteria,Deltaproteobacteria,Myxococcales,Labilitrichaceae,Labilithrix,Labilithrix_luteola,7.16666666666667,ASV_871
ASV_101,Bacteria,Proteobacteria,Unassigned,Unassigned,Unassigned,Unassigned,Unassigned,51.5,ASV_101
ASV_129,Bacteria,Proteobacteria,Alphaproteobacteria,Rhizobiales,Rhizobiaceae,Rhizobium,Rhizobium_alvei,53.5,ASV_129
ASV_1661,Bacteria,Proteobacteria,Betaproteobacteria,Burkholderiales,Unassigned,Unassigned,Unassigned,5.66666666666667,ASV_1661
ASV_920,Bacteria,Proteobacteria,Betaproteobacteria,Burkholderiales,Oxalobacteraceae,Unassigned,Unassigned,8.16666666666667,ASV_920
ASV_345,Bacteria,Actinobacteria,Actinobacteria,Actinomycetales,Micromonosporaceae,Unassigned,Unassigned,14,ASV_345
ASV_236,Bacteria,Actinobacteria,Actinobacteria,Gaiellales,Gaiellaceae,Gaiella,Gaiella_occulta,21,ASV_236
ASV_619,Bacteria,Proteobacteria,Betaproteobacteria,Burkholderiales,Unassigned,Unassigned,Unassigned,9,ASV_619
ASV_248,Bacteria,Proteobacteria,Alphaproteobacteria,Rhizobiales,Unassigned,Unassigned,Unassigned,26.6666666666667,ASV_248
ASV_571,Bacteria,Proteobacteria,Unassigned,Unassigned,Unassigned,Unassigned,Unassigned,9.66666666666667,ASV_571
ASV_513,Bacteria,Actinobacteria,Actinobacteria,Actinomycetales,Micromonosporaceae,Unassigned,Unassigned,6.16666666666667,ASV_513
ASV_133,Bacteria,Proteobacteria,Gammaproteobacteria,Xanthomonadales,Xanthomonadaceae,Unassigned,Unassigned,50.6666666666667,ASV_133
ASV_203,Bacteria,Proteobacteria,Gammaproteobacteria,Xanthomonadales,Sinobacteraceae,Steroidobacter,Unassigned,15.5,ASV_203
ASV_52,Bacteria,Actinobacteria,Actinobacteria,Actinomycetales,Micromonosporaceae,Unassigned,Unassigned,137.833333333333,ASV_52
ASV_1208,Bacteria,Proteobacteria,Alphaproteobacteria,Rhizobiales,Unassigned,Unassigned,Unassigned,5.5,ASV_1208
ASV_81,Bacteria,Proteobacteria,Deltaproteobacteria,Unassigned,Unassigned,Unassigned,Unassigned,74.1666666666667,ASV_81
ASV_353,Bacteria,Actinobacteria,Actinobacteria,Actinomycetales,Nocardioidaceae,Nocardioides,Unassigned,17.6666666666667,ASV_353
ASV_762,Bacteria,Proteobacteria,Alphaproteobacteria,Sphingomonadales,Sphingomonadaceae,Sphingomonas,Unassigned,5.66666666666667,ASV_762
ASV_668,Bacteria,Actinobacteria,Actinobacteria,Actinomycetales,Promicromonosporaceae,Promicromonospora,Unassigned,9.33333333333333,ASV_668
ASV_211,Bacteria,Proteobacteria,Alphaproteobacteria,Rhizobiales,Unassigned,Unassigned,Unassigned,41.5,ASV_211
ASV_389,Bacteria,Proteobacteria,Alphaproteobacteria,Rhizobiales,Phyllobacteriaceae,Mesorhizobium,Unassigned,19,ASV_389
ASV_1110,Bacteria,Actinobacteria,Actinobacteria,Actinomycetales,Micromonosporaceae,Unassigned,Unassigned,6.16666666666667,ASV_1110
ASV_587,Bacteria,Bacteroidetes,Sphingobacteriia,Sphingobacteriales,Sphingobacteriaceae,Unassigned,Unassigned,11.3333333333333,ASV_587
ASV_19,Bacteria,Actinobacteria,Actinobacteria,Actinomycetales,Pseudonocardiaceae,Lentzea,Lentzea_flaviverrucosa,270.333333333333,ASV_19
ASV_523,Bacteria,Actinobacteria,Actinobacteria,Actinomycetales,Pseudonocardiaceae,Lechevalieria,Unassigned,9.66666666666667,ASV_523
ASV_811,Bacteria,Actinobacteria,Actinobacteria,Actinomycetales,Micromonosporaceae,Unassigned,Unassigned,6,ASV_811
ASV_7,Bacteria,Bacteroidetes,Flavobacteriia,Flavobacteriales,Flavobacteriaceae,Flavobacterium,Unassigned,589.333333333333,ASV_7
ASV_828,Bacteria,Proteobacteria,Gammaproteobacteria,Xanthomonadales,Xanthomonadaceae,Unassigned,Unassigned,4.66666666666667,ASV_828
ASV_1493,Bacteria,Actinobacteria,Actinobacteria,Actinomycetales,Streptosporangiaceae,Nonomuraea,Nonomuraea_jabiensis,4.83333333333333,ASV_1493
ASV_1057,Bacteria,Actinobacteria,Actinobacteria,Gaiellales,Gaiellaceae,Gaiella,Gaiella_occulta,5,ASV_1057
ASV_507,Bacteria,Actinobacteria,Actinobacteria,Acidimicrobiales,Acidimicrobiaceae,Ilumatobacter,Unassigned,13.1666666666667,ASV_507
ASV_371,Bacteria,Proteobacteria,Gammaproteobacteria,Xanthomonadales,Xanthomonadaceae,Arenimonas,Unassigned,14,ASV_371
ASV_317,Bacteria,Proteobacteria,Alphaproteobacteria,Rhizobiales,Rhizobiaceae,Rhizobium,Unassigned,31,ASV_317
ASV_167,Bacteria,Proteobacteria,Betaproteobacteria,Burkholderiales,Unassigned,Unassigned,Unassigned,49.6666666666667,ASV_167
ASV_1514,Bacteria,Actinobacteria,Actinobacteria,Actinomycetales,Nocardioidaceae,Nocardioides,Unassigned,5,ASV_1514
ASV_880,Bacteria,Proteobacteria,Betaproteobacteria,Methylophilales,Methylophilaceae,Methylotenera,Unassigned,6,ASV_880
ASV_404,Bacteria,Actinobacteria,Actinobacteria,Unassigned,Unassigned,Unassigned,Unassigned,10,ASV_404
ASV_836,Bacteria,Actinobacteria,Actinobacteria,Actinomycetales,Mycobacteriaceae,Mycobacterium,Unassigned,4.5,ASV_836
ASV_680,Bacteria,Proteobacteria,Betaproteobacteria,Unassigned,Unassigned,Unassigned,Unassigned,4.5,ASV_680
ASV_313,Bacteria,Chloroflexi,Chloroflexia,Chloroflexales,Chloroflexaceae,Unassigned,Unassigned,11.3333333333333,ASV_313
ASV_159,Bacteria,Actinobacteria,Actinobacteria,Actinomycetales,Streptomycetaceae,Streptomyces,Streptomyces_canus,22.5,ASV_159
ASV_471,Bacteria,Proteobacteria,Deltaproteobacteria,Myxococcales,Unassigned,Unassigned,Unassigned,8.33333333333333,ASV_471
ASV_1990,Bacteria,Acidobacteria,Acidobacteria_Gp10,Unassigned,Unassigned,Gp10,Unassigned,6.16666666666667,ASV_1990
ASV_86,Bacteria,Actinobacteria,Actinobacteria,Actinomycetales,Micromonosporaceae,Couchioplanes,Unassigned,46,ASV_86
ASV_630,Bacteria,Proteobacteria,Unassigned,Unassigned,Unassigned,Unassigned,Unassigned,4.16666666666667,ASV_630
ASV_88,Bacteria,Unassigned,Unassigned,Unassigned,Unassigned,Unassigned,Unassigned,122.166666666667,ASV_88
ASV_84,Bacteria,Proteobacteria,Deltaproteobacteria,Unassigned,Unassigned,Unassigned,Unassigned,90.8333333333333,ASV_84
ASV_355,Bacteria,Actinobacteria,Actinobacteria,Actinomycetales,Unassigned,Unassigned,Unassigned,13.1666666666667,ASV_355
ASV_342,Bacteria,Proteobacteria,Alphaproteobacteria,Rhizobiales,Rhodobiaceae,Methyloceanibacter,Methyloceanibacter_caenitepidi,20.5,ASV_342
ASV_510,Bacteria,Actinobacteria,Actinobacteria,Unassigned,Unassigned,Unassigned,Unassigned,9,ASV_510
ASV_265,Bacteria,Proteobacteria,Gammaproteobacteria,Xanthomonadales,Sinobacteraceae,Unassigned,Unassigned,18.8333333333333,ASV_265
ASV_543,Bacteria,Actinobacteria,Actinobacteria,Actinomycetales,Unassigned,Unassigned,Unassigned,7.33333333333333,ASV_543
ASV_103,Bacteria,Proteobacteria,Alphaproteobacteria,Rhizobiales,Phyllobacteriaceae,Phyllobacterium,Phyllobacterium_bourgognense,70.3333333333333,ASV_103
ASV_589,Bacteria,Proteobacteria,Betaproteobacteria,Methylophilales,Methylophilaceae,Unassigned,Unassigned,6.83333333333333,ASV_589
ASV_127,Bacteria,Proteobacteria,Betaproteobacteria,Burkholderiales,Unassigned,Unassigned,Unassigned,49.1666666666667,ASV_127
ASV_266,Bacteria,Actinobacteria,Actinobacteria,Actinomycetales,Streptomycetaceae,Streptomyces,Unassigned,19.3333333333333,ASV_266
ASV_776,Bacteria,Firmicutes,Bacilli,Bacillales,Thermoactinomycetaceae_2,Planifilum,Planifilum_composti,4.66666666666667,ASV_776
ASV_508,Bacteria,Proteobacteria,Gammaproteobacteria,Xanthomonadales,Xanthomonadaceae,Unassigned,Unassigned,10.1666666666667,ASV_508
ASV_54,Bacteria,Proteobacteria,Unassigned,Unassigned,Unassigned,Unassigned,Unassigned,154.666666666667,ASV_54
ASV_441,Bacteria,Actinobacteria,Actinobacteria,Actinomycetales,Pseudonocardiaceae,Pseudonocardia,Unassigned,17.6666666666667,ASV_441
ASV_70,Bacteria,Proteobacteria,Gammaproteobacteria,Xanthomonadales,Xanthomonadaceae,Pseudoxanthomonas,Pseudoxanthomonas_gei,122,ASV_70
ASV_1065,Bacteria,Actinobacteria,Actinobacteria,Actinomycetales,Pseudonocardiaceae,Lentzea,Unassigned,8,ASV_1065
ASV_179,Bacteria,Proteobacteria,Alphaproteobacteria,Sphingomonadales,Sphingomonadaceae,Sphingopyxis,Unassigned,31.6666666666667,ASV_179
ASV_652,Bacteria,Proteobacteria,Betaproteobacteria,Burkholderiales,Oxalobacteraceae,Unassigned,Unassigned,14.5,ASV_652
ASV_428,Bacteria,Proteobacteria,Deltaproteobacteria,Unassigned,Unassigned,Unassigned,Unassigned,12.3333333333333,ASV_428
ASV_439,Bacteria,Proteobacteria,Gammaproteobacteria,Xanthomonadales,Sinobacteraceae,Unassigned,Unassigned,12,ASV_439
ASV_1293,Bacteria,Proteobacteria,Alphaproteobacteria,Rhizobiales,Unassigned,Unassigned,Unassigned,8.66666666666667,ASV_1293
ASV_1185,Bacteria,Actinobacteria,Actinobacteria,Actinomycetales,Pseudonocardiaceae,Unassigned,Unassigned,9.83333333333333,ASV_1185
ASV_115,Bacteria,Proteobacteria,Betaproteobacteria,Unassigned,Unassigned,Unassigned,Unassigned,54.3333333333333,ASV_115
ASV_1060,Bacteria,Actinobacteria,Actinobacteria,Actinomycetales,Nocardioidaceae,Aeromicrobium,Aeromicrobium_ponti,5.5,ASV_1060
ASV_847,Bacteria,Actinobacteria,Actinobacteria,Actinomycetales,Nocardioidaceae,Nocardioides,Unassigned,9,ASV_847
ASV_16,Bacteria,Actinobacteria,Actinobacteria,Actinomycetales,Streptomycetaceae,Streptomyces,Streptomyces_ederensis,271.166666666667,ASV_16
ASV_896,Bacteria,Actinobacteria,Actinobacteria,Actinomycetales,Micromonosporaceae,Unassigned,Unassigned,5.66666666666667,ASV_896
ASV_87,Bacteria,Actinobacteria,Actinobacteria,Actinomycetales,Nocardioidaceae,Nocardioides,Unassigned,84.3333333333333,ASV_87
ASV_445,Bacteria,Proteobacteria,Gammaproteobacteria,Xanthomonadales,Xanthomonadaceae,Pseudoxanthomonas,Unassigned,14,ASV_445
ASV_831,Bacteria,Proteobacteria,Gammaproteobacteria,Xanthomonadales,Sinobacteraceae,Unassigned,Unassigned,4.83333333333333,ASV_831
ASV_1632,Bacteria,Proteobacteria,Alphaproteobacteria,Rhizobiales,Hyphomicrobiaceae,Devosia,Devosia_riboflavina,4.5,ASV_1632
ASV_1437,Bacteria,Acidobacteria,Acidobacteria_Gp10,Unassigned,Unassigned,Gp10,Unassigned,4.83333333333333,ASV_1437
ASV_192,Bacteria,Proteobacteria,Betaproteobacteria,Burkholderiales,Burkholderiales_incertae_sedis,Aquabacterium,Unassigned,38.8333333333333,ASV_192
ASV_683,Bacteria,Proteobacteria,Betaproteobacteria,Burkholderiales,Oxalobacteraceae,Unassigned,Unassigned,7.66666666666667,ASV_683
ASV_2225,Bacteria,Proteobacteria,Betaproteobacteria,Burkholderiales,Comamonadaceae,Ramlibacter,Unassigned,4.66666666666667,ASV_2225
ASV_2522,Bacteria,Actinobacteria,Actinobacteria,Acidimicrobiales,Unassigned,Unassigned,Unassigned,4.83333333333333,ASV_2522
ASV_394,Bacteria,Actinobacteria,Actinobacteria,Actinomycetales,Pseudonocardiaceae,Pseudonocardia,Unassigned,12.5,ASV_394
ASV_275,Bacteria,Proteobacteria,Deltaproteobacteria,Unassigned,Unassigned,Unassigned,Unassigned,22.5,ASV_275
ASV_784,Bacteria,Actinobacteria,Actinobacteria,Actinomycetales,Nocardioidaceae,Unassigned,Unassigned,7.5,ASV_784
ASV_791,Bacteria,Proteobacteria,Unassigned,Unassigned,Unassigned,Unassigned,Unassigned,5.16666666666667,ASV_791
ASV_408,Bacteria,Bacteroidetes,Flavobacteriia,Flavobacteriales,Flavobacteriaceae,Flavobacterium,Flavobacterium_urocaniciphilum,21,ASV_408
ASV_509,Bacteria,Planctomycetes,Planctomycetia,Planctomycetales,Planctomycetaceae,Blastopirellula,Unassigned,5,ASV_509
ASV_685,Bacteria,Actinobacteria,Actinobacteria,Unassigned,Unassigned,Unassigned,Unassigned,5.16666666666667,ASV_685
ASV_486,Bacteria,Proteobacteria,Alphaproteobacteria,Rhizobiales,Unassigned,Unassigned,Unassigned,10.6666666666667,ASV_486
ASV_672,Bacteria,Actinobacteria,Actinobacteria,Actinomycetales,Pseudonocardiaceae,Pseudonocardia,Unassigned,5.83333333333333,ASV_672
ASV_691,Bacteria,Actinobacteria,Actinobacteria,Unassigned,Unassigned,Unassigned,Unassigned,6.66666666666667,ASV_691
ASV_843,Bacteria,Proteobacteria,Alphaproteobacteria,Caulobacterales,Caulobacteraceae,Caulobacter,Caulobacter_henricii,5.16666666666667,ASV_843
ASV_209,Bacteria,Actinobacteria,Actinobacteria,Actinomycetales,Nocardiaceae,Nocardia,Unassigned,28,ASV_209
ASV_144,Bacteria,Proteobacteria,Betaproteobacteria,Burkholderiales,Oxalobacteraceae,Unassigned,Unassigned,34.3333333333333,ASV_144
ASV_295,Bacteria,Proteobacteria,Alphaproteobacteria,Rhizobiales,Rhodobiaceae,Methyloceanibacter,Methyloceanibacter_caenitepidi,18.6666666666667,ASV_295
ASV_537,Bacteria,Proteobacteria,Betaproteobacteria,Burkholderiales,Oxalobacteraceae,Unassigned,Unassigned,6.33333333333333,ASV_537
ASV_215,Bacteria,Actinobacteria,Actinobacteria,Actinomycetales,Micromonosporaceae,Unassigned,Unassigned,28.5,ASV_215
ASV_123,Bacteria,Proteobacteria,Betaproteobacteria,Burkholderiales,Burkholderiales_incertae_sedis,Aquabacterium,Unassigned,55.5,ASV_123
ASV_44,Bacteria,Proteobacteria,Betaproteobacteria,Burkholderiales,Comamonadaceae,Kinneretia,Kinneretia_asaccharophila,202.166666666667,ASV_44
ASV_250,Bacteria,Proteobacteria,Deltaproteobacteria,Myxococcales,Unassigned,Unassigned,Unassigned,16.3333333333333,ASV_250
ASV_184,Bacteria,Proteobacteria,Gammaproteobacteria,Xanthomonadales,Xanthomonadaceae,Lysobacter,Unassigned,43,ASV_184
ASV_18,Bacteria,Actinobacteria,Actinobacteria,Actinomycetales,Pseudonocardiaceae,Lentzea,Lentzea_flaviverrucosa,234.166666666667,ASV_18
ASV_280,Bacteria,Proteobacteria,Alphaproteobacteria,Rhizobiales,Unassigned,Unassigned,Unassigned,24.1666666666667,ASV_280
