source,target,correlation,direct,cor
ASV_20,ASV_1,0.998119023725085,undirected,+
ASV_154,ASV_1,0.990876793949582,undirected,+
ASV_62,ASV_3,0.994791556239167,undirected,+
ASV_687,ASV_7,0.991362170060497,undirected,+
ASV_545,ASV_11,0.993015270623209,undirected,+
ASV_877,ASV_11,0.991531071301731,undirected,+
ASV_559,ASV_19,0.99159913983448,undirected,+
ASV_894,ASV_16,0.992337124971882,undirected,+
ASV_322,ASV_25,0.99119350547837,undirected,+
ASV_649,ASV_25,0.996238114890127,undirected,+
ASV_705,ASV_25,0.997470356405618,undirected,+
ASV_913,ASV_25,0.994913235174871,undirected,+
ASV_385,ASV_25,0.990126377823873,undirected,+
ASV_767,ASV_25,0.990876628068691,undirected,+
ASV_1234,ASV_25,0.998018957298784,undirected,+
ASV_819,ASV_25,0.993312145542226,undirected,+
ASV_1373,ASV_25,0.996238114890127,undirected,+
ASV_1119,ASV_25,0.993822790307762,undirected,+
ASV_1479,ASV_25,0.996238114890127,undirected,+
ASV_1111,ASV_25,0.992984615936028,undirected,+
ASV_809,ASV_25,0.99494602352997,undirected,+
ASV_1481,ASV_25,0.996238114890127,undirected,+
ASV_679,ASV_18,0.992642197943924,undirected,+
ASV_60,ASV_39,0.98915875238066,undirected,+
ASV_143,ASV_39,0.989840067760997,undirected,+
ASV_1,ASV_20,0.998119023725085,undirected,+
ASV_173,ASV_69,0.999841517686346,undirected,+
ASV_206,ASV_69,0.999305737248087,undirected,+
ASV_444,ASV_69,0.992842699351897,undirected,+
ASV_744,ASV_69,0.999385205153198,undirected,+
ASV_945,ASV_69,0.993628684809612,undirected,+
ASV_654,ASV_69,0.999788607491378,undirected,+
ASV_488,ASV_69,0.9953615065584,undirected,+
ASV_808,ASV_69,0.997727075145149,undirected,+
ASV_1418,ASV_69,0.999586693785307,undirected,+
ASV_1238,ASV_44,-0.994980626151245,undirected,-
ASV_165,ASV_21,0.994193082196611,undirected,+
ASV_264,ASV_21,0.997845253986946,undirected,+
ASV_503,ASV_21,0.990340058959188,undirected,+
ASV_322,ASV_51,0.991162423612359,undirected,+
ASV_153,ASV_51,0.992780977935024,undirected,+
ASV_244,ASV_51,0.992672261706947,undirected,+
ASV_367,ASV_51,0.995881664712247,undirected,+
ASV_928,ASV_51,0.993104965711596,undirected,+
ASV_809,ASV_51,0.99527336787948,undirected,+
ASV_964,ASV_51,0.992655941597229,undirected,+
ASV_923,ASV_54,0.994375006293784,undirected,+
ASV_228,ASV_73,-0.993594664028664,undirected,-
ASV_3,ASV_62,0.994791556239167,undirected,+
ASV_39,ASV_60,0.98915875238066,undirected,+
ASV_420,ASV_60,0.991219976400668,undirected,+
ASV_675,ASV_52,0.991460421273577,undirected,+
ASV_304,ASV_63,-0.993413356195651,undirected,-
ASV_468,ASV_88,0.99888349275374,undirected,+
ASV_1638,ASV_70,0.995724720628147,undirected,+
ASV_1849,ASV_70,0.989601303178672,undirected,+
ASV_349,ASV_53,0.992209993719634,undirected,+
ASV_375,ASV_57,0.990011203601639,undirected,+
ASV_293,ASV_57,0.991670172042482,undirected,+
ASV_901,ASV_57,0.997616643700494,undirected,+
ASV_711,ASV_57,0.992673557162403,undirected,+
ASV_2074,ASV_57,0.996444098417896,undirected,+
ASV_67,ASV_71,0.992251201600051,undirected,+
ASV_61,ASV_116,0.993312301464562,undirected,+
ASV_94,ASV_116,0.995671437348567,undirected,+
ASV_661,ASV_116,0.997679574626212,undirected,+
ASV_293,ASV_116,0.989863504736889,undirected,+
ASV_1098,ASV_116,0.997935176478698,undirected,+
ASV_711,ASV_116,0.993645135752058,undirected,+
ASV_116,ASV_61,0.993312301464562,undirected,+
ASV_94,ASV_61,0.989193375233454,undirected,+
ASV_411,ASV_61,0.994048275775245,undirected,+
ASV_975,ASV_61,0.990354810289438,undirected,+
ASV_69,ASV_173,0.999841517686346,undirected,+
ASV_206,ASV_173,0.999136483747866,undirected,+
ASV_444,ASV_173,0.993988964145212,undirected,+
ASV_744,ASV_173,0.999683978749791,undirected,+
ASV_945,ASV_173,0.991538975387252,undirected,+
ASV_654,ASV_173,0.999936280045486,undirected,+
ASV_488,ASV_173,0.995456282921702,undirected,+
ASV_808,ASV_173,0.997416479383458,undirected,+
ASV_1418,ASV_173,0.999182426774867,undirected,+
ASV_468,ASV_84,0.989687429967594,undirected,+
ASV_94,ASV_105,0.991403900094293,undirected,+
ASV_90,ASV_105,0.990823766697807,undirected,+
ASV_330,ASV_105,0.994780899936254,undirected,+
ASV_661,ASV_105,0.992117572433658,undirected,+
ASV_420,ASV_105,0.996347683154657,undirected,+
ASV_1015,ASV_87,0.990505401510714,undirected,+
ASV_116,ASV_94,0.995671437348567,undirected,+
ASV_61,ASV_94,0.989193375233454,undirected,+
ASV_105,ASV_94,0.991403900094293,undirected,+
ASV_661,ASV_94,0.996474487279296,undirected,+
ASV_293,ASV_94,0.99337469883973,undirected,+
ASV_1098,ASV_94,0.991376824911613,undirected,+
ASV_1758,ASV_94,0.989869600141217,undirected,+
ASV_711,ASV_94,0.989625994997472,undirected,+
ASV_2074,ASV_94,0.989220643713579,undirected,+
ASV_239,ASV_97,0.997229365162749,undirected,+
ASV_588,ASV_81,-0.98989760636102,undirected,-
ASV_747,ASV_103,0.99044790900468,undirected,+
ASV_217,ASV_80,0.998515218195674,undirected,+
ASV_277,ASV_132,0.989112593911401,undirected,+
ASV_224,ASV_66,0.989810473482033,undirected,+
ASV_1030,ASV_66,0.992638314050786,undirected,+
ASV_1409,ASV_66,0.989525176100991,undirected,+
ASV_69,ASV_206,0.999305737248087,undirected,+
ASV_173,ASV_206,0.999136483747866,undirected,+
ASV_444,ASV_206,0.990040137794729,undirected,+
ASV_744,ASV_206,0.998535075601861,undirected,+
ASV_945,ASV_206,0.993899151020533,undirected,+
ASV_654,ASV_206,0.998883334590185,undirected,+
ASV_488,ASV_206,0.992672497486134,undirected,+
ASV_808,ASV_206,0.997983760763615,undirected,+
ASV_1418,ASV_206,0.998422082094061,undirected,+
ASV_2350,ASV_206,0.989565777526987,undirected,+
ASV_1013,ASV_123,-0.991680495196655,undirected,-
ASV_774,ASV_115,0.997191237740434,undirected,+
ASV_416,ASV_118,0.996759922797438,undirected,+
ASV_879,ASV_118,0.996856459313852,undirected,+
ASV_2717,ASV_118,0.994962469613338,undirected,+
ASV_1321,ASV_118,0.994564434293601,undirected,+
ASV_105,ASV_90,0.990823766697807,undirected,+
ASV_420,ASV_90,0.990964349310275,undirected,+
ASV_293,ASV_90,0.991254520572705,undirected,+
ASV_546,ASV_101,0.989519876322053,undirected,+
ASV_527,ASV_129,0.994499719356659,undirected,+
ASV_853,ASV_133,0.989104733268734,undirected,+
ASV_576,ASV_167,-0.993988390897397,undirected,-
ASV_485,ASV_127,0.990175845440428,undirected,+
ASV_962,ASV_86,0.994550770150402,undirected,+
ASV_822,ASV_147,0.995929438734611,undirected,+
ASV_620,ASV_147,0.993143702342564,undirected,+
ASV_244,ASV_124,0.992791270384335,undirected,+
ASV_945,ASV_218,0.99225673900522,undirected,+
ASV_25,ASV_322,0.99119350547837,undirected,+
ASV_51,ASV_322,0.991162423612359,undirected,+
ASV_367,ASV_322,0.990223241196051,undirected,+
ASV_779,ASV_322,0.994965947150251,undirected,+
ASV_1111,ASV_322,0.992511705140034,undirected,+
ASV_809,ASV_322,0.99835959807256,undirected,+
ASV_1,ASV_154,0.990876793949582,undirected,+
ASV_121,ASV_40,-0.994448206227299,undirected,-
ASV_840,ASV_184,-0.989086144909422,undirected,-
ASV_757,ASV_211,0.989278279432966,undirected,+
ASV_1026,ASV_192,-0.995242422261154,undirected,-
ASV_71,ASV_67,0.992251201600051,undirected,+
ASV_39,ASV_143,0.989840067760997,undirected,+
ASV_51,ASV_153,0.992780977935024,undirected,+
ASV_367,ASV_153,0.998781039594743,undirected,+
ASV_385,ASV_153,0.997065458049842,undirected,+
ASV_713,ASV_153,0.991146471570653,undirected,+
ASV_928,ASV_153,0.991569761598297,undirected,+
ASV_809,ASV_153,0.990318680276327,undirected,+
ASV_964,ASV_153,0.997171294236935,undirected,+
ASV_40,ASV_121,-0.994448206227299,undirected,-
ASV_812,ASV_144,-0.991453993455436,undirected,-
ASV_51,ASV_244,0.992672261706947,undirected,+
ASV_124,ASV_244,0.992791270384335,undirected,+
ASV_241,ASV_244,0.991574080624459,undirected,+
ASV_928,ASV_244,0.994874134420465,undirected,+
ASV_1119,ASV_244,0.993915218871746,undirected,+
ASV_809,ASV_244,0.989424723322685,undirected,+
ASV_964,ASV_244,0.991271867348693,undirected,+
ASV_21,ASV_165,0.994193082196611,undirected,+
ASV_264,ASV_165,0.991038847037167,undirected,+
ASV_578,ASV_328,0.997106778770025,undirected,+
ASV_225,ASV_128,-0.989682018911287,undirected,-
ASV_419,ASV_128,-0.993205746931946,undirected,-
ASV_239,ASV_220,0.989988746464654,undirected,+
ASV_66,ASV_224,0.989810473482033,undirected,+
ASV_489,ASV_317,0.989128438103993,undirected,+
ASV_643,ASV_179,0.994271105367128,undirected,+
ASV_294,ASV_312,-0.996617634669466,undirected,-
ASV_452,ASV_2250,0.997380721837432,undirected,+
ASV_647,ASV_2250,0.991115725216462,undirected,+
ASV_852,ASV_215,0.994581892120777,undirected,+
ASV_873,ASV_209,0.989389143141006,undirected,+
ASV_132,ASV_277,0.989112593911401,undirected,+
ASV_1013,ASV_277,0.996426984901104,undirected,+
ASV_128,ASV_225,-0.989682018911287,undirected,-
ASV_419,ASV_225,0.992983162305635,undirected,+
ASV_318,ASV_248,-0.996482584935614,undirected,-
ASV_455,ASV_248,0.991749944917636,undirected,+
ASV_417,ASV_193,0.992315670358266,undirected,+
ASV_491,ASV_193,0.989825794454346,undirected,+
ASV_679,ASV_193,0.989158763648135,undirected,+
ASV_517,ASV_415,0.998335531680046,undirected,+
ASV_378,ASV_415,0.992979508113888,undirected,+
ASV_539,ASV_415,0.994807202703683,undirected,+
ASV_1313,ASV_415,0.999978321898132,undirected,+
ASV_1719,ASV_415,0.999978321898132,undirected,+
ASV_511,ASV_391,0.991246660856859,undirected,+
ASV_1317,ASV_391,0.991670395746761,undirected,+
ASV_283,ASV_109,0.993255530662162,undirected,+
ASV_911,ASV_280,0.989941756781553,undirected,+
ASV_1912,ASV_159,0.990903176784485,undirected,+
ASV_97,ASV_239,0.997229365162749,undirected,+
ASV_220,ASV_239,0.989988746464654,undirected,+
ASV_728,ASV_275,0.999019115976636,undirected,+
ASV_535,ASV_262,0.994918475294148,undirected,+
ASV_310,ASV_236,0.992441930261406,undirected,+
ASV_53,ASV_349,0.992209993719634,undirected,+
ASV_956,ASV_342,-0.991363194193219,undirected,-
ASV_2197,ASV_408,0.989865949707989,undirected,+
ASV_21,ASV_264,0.997845253986946,undirected,+
ASV_165,ASV_264,0.991038847037167,undirected,+
ASV_73,ASV_228,-0.993594664028664,undirected,-
ASV_415,ASV_517,0.998335531680046,undirected,+
ASV_378,ASV_517,0.996975387192219,undirected,+
ASV_539,ASV_517,0.995323108082882,undirected,+
ASV_1313,ASV_517,0.998596547356414,undirected,+
ASV_161,ASV_517,0.991782849131783,undirected,+
ASV_1719,ASV_517,0.998596547356414,undirected,+
ASV_623,ASV_266,0.993957555171264,undirected,+
ASV_765,ASV_389,0.996709025681566,undirected,+
ASV_1849,ASV_389,0.992828986911988,undirected,+
ASV_25,ASV_649,0.996238114890127,undirected,+
ASV_705,ASV_649,0.999779979003667,undirected,+
ASV_913,ASV_649,0.993616338664598,undirected,+
ASV_241,ASV_649,0.990635767222732,undirected,+
ASV_767,ASV_649,0.992660197141306,undirected,+
ASV_1234,ASV_649,0.99941776538289,undirected,+
ASV_819,ASV_649,0.999375008076863,undirected,+
ASV_1373,ASV_649,1,undirected,+
ASV_1119,ASV_649,0.993829217729235,undirected,+
ASV_1479,ASV_649,1,undirected,+
ASV_1111,ASV_649,0.994691793826551,undirected,+
ASV_1481,ASV_649,1,undirected,+
ASV_700,ASV_265,0.995245940908531,undirected,+
ASV_511,ASV_438,0.993073278329168,undirected,+
ASV_1317,ASV_438,0.990333788480611,undirected,+
ASV_105,ASV_330,0.994780899936254,undirected,+
ASV_420,ASV_330,0.996383688951585,undirected,+
ASV_1635,ASV_295,0.996028831366817,undirected,+
ASV_413,ASV_369,-0.997380480110751,undirected,-
ASV_602,ASV_662,0.995518736508987,undirected,+
ASV_118,ASV_416,0.996759922797438,undirected,+
ASV_879,ASV_416,0.999272940415844,undirected,+
ASV_917,ASV_416,0.995049877532915,undirected,+
ASV_839,ASV_416,0.995023921875757,undirected,+
ASV_1638,ASV_416,0.993159392781211,undirected,+
ASV_2717,ASV_416,0.997418485295212,undirected,+
ASV_1321,ASV_416,0.998976929699859,undirected,+
ASV_1591,ASV_353,-0.991168046016853,undirected,-
ASV_625,ASV_441,0.998241139631248,undirected,+
ASV_1390,ASV_441,0.992518849999526,undirected,+
ASV_391,ASV_511,0.991246660856859,undirected,+
ASV_438,ASV_511,0.993073278329168,undirected,+
ASV_417,ASV_309,0.991018644911262,undirected,+
ASV_415,ASV_378,0.992979508113888,undirected,+
ASV_517,ASV_378,0.996975387192219,undirected,+
ASV_539,ASV_378,0.991171919683045,undirected,+
ASV_1313,ASV_378,0.993373642759571,undirected,+
ASV_1719,ASV_378,0.993373642759571,undirected,+
ASV_51,ASV_367,0.995881664712247,undirected,+
ASV_322,ASV_367,0.990223241196051,undirected,+
ASV_153,ASV_367,0.998781039594743,undirected,+
ASV_385,ASV_367,0.992531075019714,undirected,+
ASV_713,ASV_367,0.992911547746422,undirected,+
ASV_928,ASV_367,0.994004691770508,undirected,+
ASV_809,ASV_367,0.992141965097302,undirected,+
ASV_964,ASV_367,0.996062256970343,undirected,+
ASV_1176,ASV_250,0.995242273694114,undirected,+
ASV_109,ASV_283,0.993255530662162,undirected,+
ASV_458,ASV_297,0.993785310693099,undirected,+
ASV_208,ASV_297,0.992208195879835,undirected,+
ASV_297,ASV_458,0.993785310693099,undirected,+
ASV_116,ASV_661,0.997679574626212,undirected,+
ASV_105,ASV_661,0.992117572433658,undirected,+
ASV_94,ASV_661,0.996474487279296,undirected,+
ASV_293,ASV_661,0.995964196310373,undirected,+
ASV_1098,ASV_661,0.992855442527177,undirected,+
ASV_901,ASV_661,0.989122109740779,undirected,+
ASV_711,ASV_661,0.997384252555843,undirected,+
ASV_2074,ASV_661,0.993708129405612,undirected,+
ASV_853,ASV_203,0.990393629376212,undirected,+
ASV_470,ASV_203,0.990947001121356,undirected,+
ASV_25,ASV_705,0.997470356405618,undirected,+
ASV_649,ASV_705,0.999779979003667,undirected,+
ASV_913,ASV_705,0.994793690634343,undirected,+
ASV_241,ASV_705,0.992235642846462,undirected,+
ASV_767,ASV_705,0.992811381146412,undirected,+
ASV_1234,ASV_705,0.999913560854551,undirected,+
ASV_819,ASV_705,0.998738034349002,undirected,+
ASV_1373,ASV_705,0.999779979003667,undirected,+
ASV_1119,ASV_705,0.995487888899425,undirected,+
ASV_1479,ASV_705,0.999779979003667,undirected,+
ASV_1111,ASV_705,0.995354110007087,undirected,+
ASV_809,ASV_705,0.990023627001054,undirected,+
ASV_1481,ASV_705,0.999779979003667,undirected,+
ASV_767,ASV_477,0.989457609052897,undirected,+
ASV_820,ASV_477,0.989878299537274,undirected,+
ASV_819,ASV_477,0.992014407747675,undirected,+
ASV_297,ASV_208,0.992208195879835,undirected,+
ASV_415,ASV_539,0.994807202703683,undirected,+
ASV_517,ASV_539,0.995323108082882,undirected,+
ASV_378,ASV_539,0.991171919683045,undirected,+
ASV_1313,ASV_539,0.994685524819889,undirected,+
ASV_1719,ASV_539,0.994685524819889,undirected,+
ASV_1505,ASV_539,0.990682684068402,undirected,+
ASV_642,ASV_652,0.99063600686938,undirected,+
ASV_414,ASV_345,0.991154294832497,undirected,+
ASV_1032,ASV_345,0.993291867477609,undirected,+
ASV_69,ASV_444,0.992842699351897,undirected,+
ASV_173,ASV_444,0.993988964145212,undirected,+
ASV_206,ASV_444,0.990040137794729,undirected,+
ASV_744,ASV_444,0.996040523978413,undirected,+
ASV_654,ASV_444,0.993559195493167,undirected,+
ASV_808,ASV_444,0.991122262748057,undirected,+
ASV_827,ASV_444,0.993191180294365,undirected,+
ASV_1418,ASV_444,0.993098751567128,undirected,+
ASV_25,ASV_913,0.994913235174871,undirected,+
ASV_649,ASV_913,0.993616338664598,undirected,+
ASV_705,ASV_913,0.994793690634343,undirected,+
ASV_241,ASV_913,0.994719316961837,undirected,+
ASV_767,ASV_913,0.991683843831523,undirected,+
ASV_1234,ASV_913,0.995308486584965,undirected,+
ASV_819,ASV_913,0.98963456706326,undirected,+
ASV_1373,ASV_913,0.993616338664598,undirected,+
ASV_1119,ASV_913,0.995653482160012,undirected,+
ASV_1479,ASV_913,0.993616338664598,undirected,+
ASV_1889,ASV_913,0.996269610434835,undirected,+
ASV_1481,ASV_913,0.993616338664598,undirected,+
ASV_80,ASV_217,0.998515218195674,undirected,+
ASV_888,ASV_445,0.990867388613724,undirected,+
ASV_193,ASV_417,0.992315670358266,undirected,+
ASV_309,ASV_417,0.991018644911262,undirected,+
ASV_491,ASV_417,0.995318080522194,undirected,+
ASV_775,ASV_371,-0.990507765377993,undirected,-
ASV_1201,ASV_371,-0.992218052123042,undirected,-
ASV_2250,ASV_452,0.997380721837432,undirected,+
ASV_244,ASV_241,0.991574080624459,undirected,+
ASV_649,ASV_241,0.990635767222732,undirected,+
ASV_705,ASV_241,0.992235642846462,undirected,+
ASV_913,ASV_241,0.994719316961837,undirected,+
ASV_1234,ASV_241,0.99301585582081,undirected,+
ASV_1373,ASV_241,0.990635767222732,undirected,+
ASV_1119,ASV_241,0.998892186398782,undirected,+
ASV_1479,ASV_241,0.990635767222732,undirected,+
ASV_1111,ASV_241,0.989975865898145,undirected,+
ASV_1889,ASV_241,0.996688267019523,undirected,+
ASV_1481,ASV_241,0.990635767222732,undirected,+
ASV_128,ASV_419,-0.993205746931946,undirected,-
ASV_225,ASV_419,0.992983162305635,undirected,+
ASV_578,ASV_493,0.98970186164715,undirected,+
ASV_1161,ASV_493,0.992487183451806,undirected,+
ASV_1508,ASV_355,0.993174218163314,undirected,+
ASV_312,ASV_294,-0.996617634669466,undirected,-
ASV_494,ASV_490,0.989274132052453,undirected,+
ASV_1310,ASV_490,-0.993733419400214,undirected,-
ASV_470,ASV_507,0.996331697300628,undirected,+
ASV_25,ASV_385,0.990126377823873,undirected,+
ASV_153,ASV_385,0.997065458049842,undirected,+
ASV_367,ASV_385,0.992531075019714,undirected,+
ASV_964,ASV_385,0.994314740915001,undirected,+
ASV_328,ASV_578,0.997106778770025,undirected,+
ASV_493,ASV_578,0.98970186164715,undirected,+
ASV_1161,ASV_578,0.991940942752853,undirected,+
ASV_69,ASV_744,0.999385205153198,undirected,+
ASV_173,ASV_744,0.999683978749791,undirected,+
ASV_206,ASV_744,0.998535075601861,undirected,+
ASV_444,ASV_744,0.996040523978413,undirected,+
ASV_945,ASV_744,0.990229994227383,undirected,+
ASV_654,ASV_744,0.999411600231146,undirected,+
ASV_488,ASV_744,0.993755540534854,undirected,+
ASV_808,ASV_744,0.997197750425158,undirected,+
ASV_1418,ASV_744,0.99882838869995,undirected,+
ASV_2350,ASV_744,0.989070791457389,undirected,+
ASV_60,ASV_420,0.991219976400668,undirected,+
ASV_105,ASV_420,0.996347683154657,undirected,+
ASV_90,ASV_420,0.990964349310275,undirected,+
ASV_330,ASV_420,0.996383688951585,undirected,+
ASV_69,ASV_945,0.993628684809612,undirected,+
ASV_173,ASV_945,0.991538975387252,undirected,+
ASV_206,ASV_945,0.993899151020533,undirected,+
ASV_218,ASV_945,0.99225673900522,undirected,+
ASV_744,ASV_945,0.990229994227383,undirected,+
ASV_654,ASV_945,0.991336771581128,undirected,+
ASV_808,ASV_945,0.99188959020144,undirected,+
ASV_1418,ASV_945,0.994059974607309,undirected,+
ASV_57,ASV_375,0.990011203601639,undirected,+
ASV_901,ASV_375,0.99567506318085,undirected,+
ASV_2074,ASV_375,0.989447806951061,undirected,+
ASV_898,ASV_394,0.990641803256682,undirected,+
ASV_11,ASV_545,0.993015270623209,undirected,+
ASV_960,ASV_428,-0.989211356561818,undirected,-
ASV_697,ASV_428,-0.990198059419807,undirected,-
ASV_61,ASV_411,0.994048275775245,undirected,+
ASV_611,ASV_411,0.993218389129548,undirected,+
ASV_1044,ASV_439,-0.989685612677227,undirected,-
ASV_262,ASV_535,0.994918475294148,undirected,+
ASV_662,ASV_602,0.995518736508987,undirected,+
ASV_547,ASV_313,0.995591455387729,undirected,+
ASV_564,ASV_587,0.999142247756677,undirected,+
ASV_25,ASV_767,0.990876628068691,undirected,+
ASV_649,ASV_767,0.992660197141306,undirected,+
ASV_705,ASV_767,0.992811381146412,undirected,+
ASV_477,ASV_767,0.989457609052897,undirected,+
ASV_913,ASV_767,0.991683843831523,undirected,+
ASV_1234,ASV_767,0.992683406886226,undirected,+
ASV_819,ASV_767,0.991624561104695,undirected,+
ASV_1373,ASV_767,0.992660197141306,undirected,+
ASV_1479,ASV_767,0.992660197141306,undirected,+
ASV_1481,ASV_767,0.992660197141306,undirected,+
ASV_57,ASV_293,0.991670172042482,undirected,+
ASV_116,ASV_293,0.989863504736889,undirected,+
ASV_94,ASV_293,0.99337469883973,undirected,+
ASV_90,ASV_293,0.991254520572705,undirected,+
ASV_661,ASV_293,0.995964196310373,undirected,+
ASV_901,ASV_293,0.99273665135485,undirected,+
ASV_711,ASV_293,0.995649123924377,undirected,+
ASV_2074,ASV_293,0.998912766138174,undirected,+
ASV_63,ASV_304,-0.993413356195651,undirected,-
ASV_369,ASV_413,-0.997380480110751,undirected,-
ASV_147,ASV_822,0.995929438734611,undirected,+
ASV_620,ASV_822,0.997418461215911,undirected,+
ASV_69,ASV_654,0.999788607491378,undirected,+
ASV_173,ASV_654,0.999936280045486,undirected,+
ASV_206,ASV_654,0.998883334590185,undirected,+
ASV_444,ASV_654,0.993559195493167,undirected,+
ASV_744,ASV_654,0.999411600231146,undirected,+
ASV_945,ASV_654,0.991336771581128,undirected,+
ASV_488,ASV_654,0.996429561182146,undirected,+
ASV_808,ASV_654,0.997234563728729,undirected,+
ASV_1418,ASV_654,0.999198219995767,undirected,+
ASV_454,ASV_486,0.991958718801849,undirected,+
ASV_490,ASV_494,0.989274132052453,undirected,+
ASV_429,ASV_494,0.993356392831564,undirected,+
ASV_477,ASV_820,0.989878299537274,undirected,+
ASV_562,ASV_820,0.994878620957957,undirected,+
ASV_411,ASV_611,0.993218389129548,undirected,+
ASV_1121,ASV_508,0.989186012657152,undirected,+
ASV_871,ASV_404,0.989344599831851,undirected,+
ASV_101,ASV_546,0.989519876322053,undirected,+
ASV_129,ASV_527,0.994499719356659,undirected,+
ASV_1661,ASV_1185,0.9927513334782,undirected,+
ASV_25,ASV_1234,0.998018957298784,undirected,+
ASV_649,ASV_1234,0.99941776538289,undirected,+
ASV_705,ASV_1234,0.999913560854551,undirected,+
ASV_913,ASV_1234,0.995308486584965,undirected,+
ASV_241,ASV_1234,0.99301585582081,undirected,+
ASV_767,ASV_1234,0.992683406886226,undirected,+
ASV_819,ASV_1234,0.998114703290667,undirected,+
ASV_1373,ASV_1234,0.99941776538289,undirected,+
ASV_1119,ASV_1234,0.996304226014479,undirected,+
ASV_1479,ASV_1234,0.99941776538289,undirected,+
ASV_1111,ASV_1234,0.995545949337975,undirected,+
ASV_809,ASV_1234,0.991194760199534,undirected,+
ASV_1481,ASV_1234,0.99941776538289,undirected,+
ASV_920,ASV_523,-0.993171167055348,undirected,-
ASV_345,ASV_414,0.991154294832497,undirected,+
ASV_236,ASV_310,0.992441930261406,undirected,+
ASV_619,ASV_571,-0.996402189974133,undirected,-
ASV_248,ASV_318,-0.996482584935614,undirected,-
ASV_61,ASV_975,0.990354810289438,undirected,+
ASV_429,ASV_668,0.995268585811023,undirected,+
ASV_25,ASV_819,0.993312145542226,undirected,+
ASV_649,ASV_819,0.999375008076863,undirected,+
ASV_705,ASV_819,0.998738034349002,undirected,+
ASV_477,ASV_819,0.992014407747675,undirected,+
ASV_913,ASV_819,0.98963456706326,undirected,+
ASV_767,ASV_819,0.991624561104695,undirected,+
ASV_1234,ASV_819,0.998114703290667,undirected,+
ASV_1373,ASV_819,0.999375008076863,undirected,+
ASV_1119,ASV_819,0.991309829629928,undirected,+
ASV_1479,ASV_819,0.999375008076863,undirected,+
ASV_1111,ASV_819,0.993698874579843,undirected,+
ASV_1481,ASV_819,0.999375008076863,undirected,+
ASV_820,ASV_562,0.994878620957957,undirected,+
ASV_571,ASV_619,-0.996402189974133,undirected,-
ASV_513,ASV_510,0.990892204657121,undirected,+
ASV_133,ASV_853,0.989104733268734,undirected,+
ASV_203,ASV_853,0.990393629376212,undirected,+
ASV_52,ASV_675,0.991460421273577,undirected,+
ASV_118,ASV_879,0.996856459313852,undirected,+
ASV_416,ASV_879,0.999272940415844,undirected,+
ASV_917,ASV_879,0.990778855153406,undirected,+
ASV_839,ASV_879,0.990743001804443,undirected,+
ASV_1638,ASV_879,0.991019386092526,undirected,+
ASV_2717,ASV_879,0.994206576468801,undirected,+
ASV_1321,ASV_879,0.996739240347048,undirected,+
ASV_1208,ASV_847,0.991955218384128,undirected,+
ASV_81,ASV_588,-0.98989760636102,undirected,-
ASV_353,ASV_1591,-0.991168046016853,undirected,-
ASV_762,ASV_1293,-0.989725497845727,undirected,-
ASV_494,ASV_429,0.993356392831564,undirected,+
ASV_668,ASV_429,0.995268585811023,undirected,+
ASV_211,ASV_757,0.989278279432966,undirected,+
ASV_389,ASV_765,0.996709025681566,undirected,+
ASV_1110,ASV_471,0.989293599270616,undirected,+
ASV_147,ASV_620,0.993143702342564,undirected,+
ASV_822,ASV_620,0.997418461215911,undirected,+
ASV_587,ASV_564,0.999142247756677,undirected,+
ASV_116,ASV_1098,0.997935176478698,undirected,+
ASV_94,ASV_1098,0.991376824911613,undirected,+
ASV_661,ASV_1098,0.992855442527177,undirected,+
ASV_1758,ASV_1098,0.989826609120634,undirected,+
ASV_711,ASV_1098,0.989885896366578,undirected,+
ASV_19,ASV_559,0.99159913983448,undirected,+
ASV_523,ASV_920,-0.993171167055348,undirected,-
ASV_811,ASV_920,-0.991092151549272,undirected,-
ASV_322,ASV_779,0.994965947150251,undirected,+
ASV_809,ASV_779,0.990585866622157,undirected,+
ASV_1638,ASV_1065,0.989336586705801,undirected,+
ASV_2717,ASV_1065,0.990269218021758,undirected,+
ASV_1849,ASV_1065,0.990592138899943,undirected,+
ASV_391,ASV_1317,0.991670395746761,undirected,+
ASV_438,ASV_1317,0.990333788480611,undirected,+
ASV_7,ASV_687,0.991362170060497,undirected,+
ASV_828,ASV_687,-0.997142397714068,undirected,-
ASV_69,ASV_488,0.9953615065584,undirected,+
ASV_173,ASV_488,0.995456282921702,undirected,+
ASV_206,ASV_488,0.992672497486134,undirected,+
ASV_744,ASV_488,0.993755540534854,undirected,+
ASV_654,ASV_488,0.996429561182146,undirected,+
ASV_808,ASV_488,0.993041499667591,undirected,+
ASV_1418,ASV_488,0.995863346950034,undirected,+
ASV_1493,ASV_488,0.997183259787187,undirected,+
ASV_153,ASV_713,0.991146471570653,undirected,+
ASV_367,ASV_713,0.992911547746422,undirected,+
ASV_1057,ASV_683,0.989159571394798,undirected,+
ASV_94,ASV_1758,0.989869600141217,undirected,+
ASV_1098,ASV_1758,0.989826609120634,undirected,+
ASV_203,ASV_470,0.990947001121356,undirected,+
ASV_507,ASV_470,0.996331697300628,undirected,+
ASV_415,ASV_1313,0.999978321898132,undirected,+
ASV_517,ASV_1313,0.998596547356414,undirected,+
ASV_378,ASV_1313,0.993373642759571,undirected,+
ASV_539,ASV_1313,0.994685524819889,undirected,+
ASV_161,ASV_1313,0.989115504946191,undirected,+
ASV_1719,ASV_1313,1,undirected,+
ASV_371,ASV_775,-0.990507765377993,undirected,-
ASV_317,ASV_489,0.989128438103993,undirected,+
ASV_51,ASV_928,0.993104965711596,undirected,+
ASV_153,ASV_928,0.991569761598297,undirected,+
ASV_244,ASV_928,0.994874134420465,undirected,+
ASV_367,ASV_928,0.994004691770508,undirected,+
ASV_964,ASV_928,0.996696830739927,undirected,+
ASV_167,ASV_576,-0.993988390897397,undirected,-
ASV_1514,ASV_784,0.991569630486594,undirected,+
ASV_880,ASV_543,-0.993076683192843,undirected,-
ASV_57,ASV_901,0.997616643700494,undirected,+
ASV_661,ASV_901,0.989122109740779,undirected,+
ASV_375,ASV_901,0.99567506318085,undirected,+
ASV_293,ASV_901,0.99273665135485,undirected,+
ASV_711,ASV_901,0.996480189489762,undirected,+
ASV_2074,ASV_901,0.996533010160262,undirected,+
ASV_404,ASV_871,0.989344599831851,undirected,+
ASV_836,ASV_691,0.991115012140465,undirected,+
ASV_680,ASV_691,0.991119191230204,undirected,+
ASV_313,ASV_547,0.995591455387729,undirected,+
ASV_69,ASV_808,0.997727075145149,undirected,+
ASV_173,ASV_808,0.997416479383458,undirected,+
ASV_206,ASV_808,0.997983760763615,undirected,+
ASV_444,ASV_808,0.991122262748057,undirected,+
ASV_744,ASV_808,0.997197750425158,undirected,+
ASV_945,ASV_808,0.99188959020144,undirected,+
ASV_654,ASV_808,0.997234563728729,undirected,+
ASV_488,ASV_808,0.993041499667591,undirected,+
ASV_827,ASV_808,0.990667891511288,undirected,+
ASV_1418,ASV_808,0.998446929471195,undirected,+
ASV_2350,ASV_808,0.991792888298292,undirected,+
ASV_159,ASV_1912,0.990903176784485,undirected,+
ASV_416,ASV_917,0.995049877532915,undirected,+
ASV_879,ASV_917,0.990778855153406,undirected,+
ASV_839,ASV_917,0.999999798964985,undirected,+
ASV_1638,ASV_917,0.994866602934704,undirected,+
ASV_2717,ASV_917,0.998469622562078,undirected,+
ASV_1321,ASV_917,0.997090001492307,undirected,+
ASV_471,ASV_1110,0.989293599270616,undirected,+
ASV_25,ASV_1373,0.996238114890127,undirected,+
ASV_649,ASV_1373,1,undirected,+
ASV_705,ASV_1373,0.999779979003667,undirected,+
ASV_913,ASV_1373,0.993616338664598,undirected,+
ASV_241,ASV_1373,0.990635767222732,undirected,+
ASV_767,ASV_1373,0.992660197141306,undirected,+
ASV_1234,ASV_1373,0.99941776538289,undirected,+
ASV_819,ASV_1373,0.999375008076863,undirected,+
ASV_1119,ASV_1373,0.993829217729235,undirected,+
ASV_1479,ASV_1373,1,undirected,+
ASV_1111,ASV_1373,0.994691793826551,undirected,+
ASV_1481,ASV_1373,1,undirected,+
ASV_1990,ASV_589,0.991137082426089,undirected,+
ASV_877,ASV_589,0.997296328204305,undirected,+
ASV_2250,ASV_647,0.991115725216462,undirected,+
ASV_86,ASV_962,0.994550770150402,undirected,+
ASV_416,ASV_839,0.995023921875757,undirected,+
ASV_879,ASV_839,0.990743001804443,undirected,+
ASV_917,ASV_839,0.999999798964985,undirected,+
ASV_1638,ASV_839,0.994839242510893,undirected,+
ASV_2717,ASV_839,0.998443346571294,undirected,+
ASV_1321,ASV_839,0.997080638224944,undirected,+
ASV_630,ASV_537,0.989455064166128,undirected,+
ASV_193,ASV_491,0.989825794454346,undirected,+
ASV_417,ASV_491,0.995318080522194,undirected,+
ASV_88,ASV_468,0.99888349275374,undirected,+
ASV_84,ASV_468,0.989687429967594,undirected,+
ASV_371,ASV_1201,-0.992218052123042,undirected,-
ASV_25,ASV_1119,0.993822790307762,undirected,+
ASV_244,ASV_1119,0.993915218871746,undirected,+
ASV_649,ASV_1119,0.993829217729235,undirected,+
ASV_705,ASV_1119,0.995487888899425,undirected,+
ASV_913,ASV_1119,0.995653482160012,undirected,+
ASV_241,ASV_1119,0.998892186398782,undirected,+
ASV_1234,ASV_1119,0.996304226014479,undirected,+
ASV_819,ASV_1119,0.991309829629928,undirected,+
ASV_1373,ASV_1119,0.993829217729235,undirected,+
ASV_1479,ASV_1119,0.993829217729235,undirected,+
ASV_1111,ASV_1119,0.994569307506702,undirected,+
ASV_809,ASV_1119,0.989701165645041,undirected,+
ASV_1889,ASV_1119,0.994051952635362,undirected,+
ASV_1481,ASV_1119,0.993829217729235,undirected,+
ASV_248,ASV_455,0.991749944917636,undirected,+
ASV_355,ASV_1508,0.993174218163314,undirected,+
ASV_25,ASV_1479,0.996238114890127,undirected,+
ASV_649,ASV_1479,1,undirected,+
ASV_705,ASV_1479,0.999779979003667,undirected,+
ASV_913,ASV_1479,0.993616338664598,undirected,+
ASV_241,ASV_1479,0.990635767222732,undirected,+
ASV_767,ASV_1479,0.992660197141306,undirected,+
ASV_1234,ASV_1479,0.99941776538289,undirected,+
ASV_819,ASV_1479,0.999375008076863,undirected,+
ASV_1373,ASV_1479,1,undirected,+
ASV_1119,ASV_1479,0.993829217729235,undirected,+
ASV_1111,ASV_1479,0.994691793826551,undirected,+
ASV_1481,ASV_1479,1,undirected,+
ASV_342,ASV_956,-0.991363194193219,undirected,-
ASV_510,ASV_513,0.990892204657121,undirected,+
ASV_25,ASV_1111,0.992984615936028,undirected,+
ASV_322,ASV_1111,0.992511705140034,undirected,+
ASV_649,ASV_1111,0.994691793826551,undirected,+
ASV_705,ASV_1111,0.995354110007087,undirected,+
ASV_241,ASV_1111,0.989975865898145,undirected,+
ASV_1234,ASV_1111,0.995545949337975,undirected,+
ASV_819,ASV_1111,0.993698874579843,undirected,+
ASV_1373,ASV_1111,0.994691793826551,undirected,+
ASV_1119,ASV_1111,0.994569307506702,undirected,+
ASV_1479,ASV_1111,0.994691793826551,undirected,+
ASV_809,ASV_1111,0.994285567755004,undirected,+
ASV_1481,ASV_1111,0.994691793826551,undirected,+
ASV_25,ASV_809,0.99494602352997,undirected,+
ASV_51,ASV_809,0.99527336787948,undirected,+
ASV_322,ASV_809,0.99835959807256,undirected,+
ASV_153,ASV_809,0.990318680276327,undirected,+
ASV_244,ASV_809,0.989424723322685,undirected,+
ASV_367,ASV_809,0.992141965097302,undirected,+
ASV_705,ASV_809,0.990023627001054,undirected,+
ASV_1234,ASV_809,0.991194760199534,undirected,+
ASV_779,ASV_809,0.990585866622157,undirected,+
ASV_1119,ASV_809,0.989701165645041,undirected,+
ASV_1111,ASV_809,0.994285567755004,undirected,+
ASV_265,ASV_700,0.995245940908531,undirected,+
ASV_543,ASV_880,-0.993076683192843,undirected,-
ASV_21,ASV_503,0.990340058959188,undirected,+
ASV_103,ASV_747,0.99044790900468,undirected,+
ASV_589,ASV_1990,0.991137082426089,undirected,+
ASV_517,ASV_161,0.991782849131783,undirected,+
ASV_1313,ASV_161,0.989115504946191,undirected,+
ASV_1719,ASV_161,0.989115504946191,undirected,+
ASV_1505,ASV_161,0.994807690179984,undirected,+
ASV_920,ASV_811,-0.991092151549272,undirected,-
ASV_127,ASV_485,0.990175845440428,undirected,+
ASV_266,ASV_623,0.993957555171264,undirected,+
ASV_776,ASV_672,0.995850201052253,undirected,+
ASV_508,ASV_1121,0.989186012657152,undirected,+
ASV_54,ASV_923,0.994375006293784,undirected,+
ASV_441,ASV_625,0.998241139631248,undirected,+
ASV_1390,ASV_625,0.996470880123476,undirected,+
ASV_70,ASV_1638,0.995724720628147,undirected,+
ASV_416,ASV_1638,0.993159392781211,undirected,+
ASV_879,ASV_1638,0.991019386092526,undirected,+
ASV_1065,ASV_1638,0.989336586705801,undirected,+
ASV_917,ASV_1638,0.994866602934704,undirected,+
ASV_839,ASV_1638,0.994839242510893,undirected,+
ASV_2717,ASV_1638,0.993589345314052,undirected,+
ASV_1849,ASV_1638,0.993144351040591,undirected,+
ASV_1321,ASV_1638,0.991665155917511,undirected,+
ASV_913,ASV_1889,0.996269610434835,undirected,+
ASV_241,ASV_1889,0.996688267019523,undirected,+
ASV_1119,ASV_1889,0.994051952635362,undirected,+
ASV_179,ASV_643,0.994271105367128,undirected,+
ASV_25,ASV_1481,0.996238114890127,undirected,+
ASV_649,ASV_1481,1,undirected,+
ASV_705,ASV_1481,0.999779979003667,undirected,+
ASV_913,ASV_1481,0.993616338664598,undirected,+
ASV_241,ASV_1481,0.990635767222732,undirected,+
ASV_767,ASV_1481,0.992660197141306,undirected,+
ASV_1234,ASV_1481,0.99941776538289,undirected,+
ASV_819,ASV_1481,0.999375008076863,undirected,+
ASV_1373,ASV_1481,1,undirected,+
ASV_1119,ASV_1481,0.993829217729235,undirected,+
ASV_1479,ASV_1481,1,undirected,+
ASV_1111,ASV_1481,0.994691793826551,undirected,+
ASV_652,ASV_642,0.99063600686938,undirected,+
ASV_428,ASV_960,-0.989211356561818,undirected,-
ASV_439,ASV_1044,-0.989685612677227,undirected,-
ASV_1293,ASV_762,-0.989725497845727,undirected,-
ASV_1185,ASV_1661,0.9927513334782,undirected,+
ASV_57,ASV_711,0.992673557162403,undirected,+
ASV_116,ASV_711,0.993645135752058,undirected,+
ASV_94,ASV_711,0.989625994997472,undirected,+
ASV_661,ASV_711,0.997384252555843,undirected,+
ASV_293,ASV_711,0.995649123924377,undirected,+
ASV_1098,ASV_711,0.989885896366578,undirected,+
ASV_901,ASV_711,0.996480189489762,undirected,+
ASV_2074,ASV_711,0.99656794536537,undirected,+
ASV_115,ASV_774,0.997191237740434,undirected,+
ASV_1060,ASV_896,0.990104786982102,undirected,+
ASV_1514,ASV_896,0.989462898342059,undirected,+
ASV_415,ASV_1719,0.999978321898132,undirected,+
ASV_517,ASV_1719,0.998596547356414,undirected,+
ASV_378,ASV_1719,0.993373642759571,undirected,+
ASV_539,ASV_1719,0.994685524819889,undirected,+
ASV_1313,ASV_1719,1,undirected,+
ASV_161,ASV_1719,0.989115504946191,undirected,+
ASV_444,ASV_827,0.993191180294365,undirected,+
ASV_808,ASV_827,0.990667891511288,undirected,+
ASV_847,ASV_1208,0.991955218384128,undirected,+
ASV_16,ASV_894,0.992337124971882,undirected,+
ASV_896,ASV_1060,0.990104786982102,undirected,+
ASV_118,ASV_2717,0.994962469613338,undirected,+
ASV_416,ASV_2717,0.997418485295212,undirected,+
ASV_879,ASV_2717,0.994206576468801,undirected,+
ASV_1065,ASV_2717,0.990269218021758,undirected,+
ASV_917,ASV_2717,0.998469622562078,undirected,+
ASV_839,ASV_2717,0.998443346571294,undirected,+
ASV_1638,ASV_2717,0.993589345314052,undirected,+
ASV_1321,ASV_2717,0.998661918772004,undirected,+
ASV_441,ASV_1390,0.992518849999526,undirected,+
ASV_625,ASV_1390,0.996470880123476,undirected,+
ASV_87,ASV_1015,0.990505401510714,undirected,+
ASV_70,ASV_1849,0.989601303178672,undirected,+
ASV_389,ASV_1849,0.992828986911988,undirected,+
ASV_1065,ASV_1849,0.990592138899943,undirected,+
ASV_1638,ASV_1849,0.993144351040591,undirected,+
ASV_445,ASV_888,0.990867388613724,undirected,+
ASV_539,ASV_1505,0.990682684068402,undirected,+
ASV_161,ASV_1505,0.994807690179984,undirected,+
ASV_345,ASV_1032,0.993291867477609,undirected,+
ASV_831,ASV_791,0.993216587975316,undirected,+
ASV_1632,ASV_791,-0.998926750428633,undirected,-
ASV_490,ASV_1310,-0.993733419400214,undirected,-
ASV_1437,ASV_685,0.994151396586558,undirected,+
ASV_428,ASV_697,-0.990198059419807,undirected,-
ASV_192,ASV_1026,-0.995242422261154,undirected,-
ASV_69,ASV_1418,0.999586693785307,undirected,+
ASV_173,ASV_1418,0.999182426774867,undirected,+
ASV_206,ASV_1418,0.998422082094061,undirected,+
ASV_444,ASV_1418,0.993098751567128,undirected,+
ASV_744,ASV_1418,0.99882838869995,undirected,+
ASV_945,ASV_1418,0.994059974607309,undirected,+
ASV_654,ASV_1418,0.999198219995767,undirected,+
ASV_488,ASV_1418,0.995863346950034,undirected,+
ASV_808,ASV_1418,0.998446929471195,undirected,+
ASV_1493,ASV_1418,0.990445171253222,undirected,+
ASV_683,ASV_1057,0.989159571394798,undirected,+
ASV_2225,ASV_843,0.995552426393683,undirected,+
ASV_2522,ASV_509,0.99901076717407,undirected,+
ASV_394,ASV_898,0.990641803256682,undirected,+
ASV_275,ASV_728,0.999019115976636,undirected,+
ASV_784,ASV_1514,0.991569630486594,undirected,+
ASV_896,ASV_1514,0.989462898342059,undirected,+
ASV_51,ASV_964,0.992655941597229,undirected,+
ASV_153,ASV_964,0.997171294236935,undirected,+
ASV_244,ASV_964,0.991271867348693,undirected,+
ASV_367,ASV_964,0.996062256970343,undirected,+
ASV_385,ASV_964,0.994314740915001,undirected,+
ASV_928,ASV_964,0.996696830739927,undirected,+
ASV_791,ASV_831,0.993216587975316,undirected,+
ASV_1632,ASV_831,-0.995165550606076,undirected,-
ASV_118,ASV_1321,0.994564434293601,undirected,+
ASV_416,ASV_1321,0.998976929699859,undirected,+
ASV_879,ASV_1321,0.996739240347048,undirected,+
ASV_917,ASV_1321,0.997090001492307,undirected,+
ASV_839,ASV_1321,0.997080638224944,undirected,+
ASV_1638,ASV_1321,0.991665155917511,undirected,+
ASV_2717,ASV_1321,0.998661918772004,undirected,+
ASV_206,ASV_2350,0.989565777526987,undirected,+
ASV_744,ASV_2350,0.989070791457389,undirected,+
ASV_808,ASV_2350,0.991792888298292,undirected,+
ASV_408,ASV_2197,0.989865949707989,undirected,+
ASV_66,ASV_1030,0.992638314050786,undirected,+
ASV_509,ASV_2522,0.99901076717407,undirected,+
ASV_488,ASV_1493,0.997183259787187,undirected,+
ASV_1418,ASV_1493,0.990445171253222,undirected,+
ASV_685,ASV_1437,0.994151396586558,undirected,+
ASV_486,ASV_454,0.991958718801849,undirected,+
ASV_11,ASV_877,0.991531071301731,undirected,+
ASV_589,ASV_877,0.997296328204305,undirected,+
ASV_672,ASV_776,0.995850201052253,undirected,+
ASV_691,ASV_836,0.991115012140465,undirected,+
ASV_687,ASV_828,-0.997142397714068,undirected,-
ASV_691,ASV_680,0.991119191230204,undirected,+
ASV_493,ASV_1161,0.992487183451806,undirected,+
ASV_578,ASV_1161,0.991940942752853,undirected,+
ASV_843,ASV_2225,0.995552426393683,undirected,+
ASV_209,ASV_873,0.989389143141006,undirected,+
ASV_144,ASV_812,-0.991453993455436,undirected,-
ASV_295,ASV_1635,0.996028831366817,undirected,+
ASV_791,ASV_1632,-0.998926750428633,undirected,-
ASV_831,ASV_1632,-0.995165550606076,undirected,-
ASV_537,ASV_630,0.989455064166128,undirected,+
ASV_215,ASV_852,0.994581892120777,undirected,+
ASV_123,ASV_1013,-0.991680495196655,undirected,-
ASV_277,ASV_1013,0.996426984901104,undirected,+
ASV_44,ASV_1238,-0.994980626151245,undirected,-
ASV_250,ASV_1176,0.995242273694114,undirected,+
ASV_184,ASV_840,-0.989086144909422,undirected,-
ASV_18,ASV_679,0.992642197943924,undirected,+
ASV_193,ASV_679,0.989158763648135,undirected,+
ASV_57,ASV_2074,0.996444098417896,undirected,+
ASV_94,ASV_2074,0.989220643713579,undirected,+
ASV_661,ASV_2074,0.993708129405612,undirected,+
ASV_375,ASV_2074,0.989447806951061,undirected,+
ASV_293,ASV_2074,0.998912766138174,undirected,+
ASV_901,ASV_2074,0.996533010160262,undirected,+
ASV_711,ASV_2074,0.99656794536537,undirected,+
ASV_280,ASV_911,0.989941756781553,undirected,+
ASV_66,ASV_1409,0.989525176100991,undirected,+
