ID,Kingdom,Phylum,Class,Order,Family,Genus,Species,mean,Label
ASV_1038,Bacteria,Proteobacteria,Gammaproteobacteria,Enterobacteriales,Enterobacteriaceae,Pantoea,Unassigned,11.8333333333333,ASV_1038
ASV_106,Bacteria,Actinobacteria,Actinobacteria,Actinomycetales,Streptomycetaceae,Streptomyces,Unassigned,91,ASV_106
ASV_1069,Bacteria,Actinobacteria,Actinobacteria,Actinomycetales,Micromonosporaceae,Unassigned,Unassigned,5.33333333333333,ASV_1069
ASV_107,Bacteria,Proteobacteria,Betaproteobacteria,Burkholderiales,Unassigned,Unassigned,Unassigned,44.8333333333333,ASV_107
ASV_1081,Bacteria,Proteobacteria,Betaproteobacteria,Unassigned,Unassigned,Unassigned,Unassigned,5.33333333333333,ASV_1081
ASV_1083,Bacteria,Firmicutes,Bacilli,Bacillales,Bacillaceae_1,Bacillus,Unassigned,5,ASV_1083
ASV_1090,Bacteria,Acidobacteria,Acidobacteria_Gp10,Unassigned,Unassigned,Gp10,Unassigned,7,ASV_1090
ASV_1099,Bacteria,Chloroflexi,Unassigned,Unassigned,Unassigned,Unassigned,Unassigned,6.33333333333333,ASV_1099
ASV_1103,Bacteria,Firmicutes,Bacilli,Bacillales,Bacillaceae_1,Bacillus,Unassigned,6.83333333333333,ASV_1103
ASV_1104,Bacteria,Proteobacteria,Alphaproteobacteria,Rhizobiales,Rhizobiaceae,Rhizobium,Unassigned,5.83333333333333,ASV_1104
ASV_1109,Bacteria,Actinobacteria,Actinobacteria,Actinomycetales,Streptosporangiaceae,Unassigned,Unassigned,8.16666666666667,ASV_1109
ASV_1113,Bacteria,Actinobacteria,Actinobacteria,Actinomycetales,Streptomycetaceae,Streptomyces,Unassigned,11.3333333333333,ASV_1113
ASV_1127,Bacteria,Chloroflexi,Chloroflexia,Unassigned,Unassigned,Unassigned,Unassigned,10,ASV_1127
ASV_113,Bacteria,Actinobacteria,Actinobacteria,Actinomycetales,Microbacteriaceae,Agromyces,Unassigned,54,ASV_113
ASV_1145,Bacteria,Firmicutes,Bacilli,Bacillales,Paenibacillaceae_1,Paenibacillus,Paenibacillus_panacisoli,13,ASV_1145
ASV_1148,Bacteria,Firmicutes,Bacilli,Bacillales,Planococcaceae,Lysinibacillus,Unassigned,9.83333333333333,ASV_1148
ASV_1149,Bacteria,Firmicutes,Bacilli,Bacillales,Paenibacillaceae_1,Paenibacillus,Unassigned,9.16666666666667,ASV_1149
ASV_115,Bacteria,Proteobacteria,Betaproteobacteria,Unassigned,Unassigned,Unassigned,Unassigned,84.5,ASV_115
ASV_1159,Bacteria,Ignavibacteriae,Ignavibacteria,Ignavibacteriales,Ignavibacteriaceae,Ignavibacterium,Ignavibacterium_album,5.5,ASV_1159
ASV_1225,Bacteria,Actinobacteria,Actinobacteria,Actinomycetales,Streptomycetaceae,Streptomyces,Streptomyces_lincolnensis,5.5,ASV_1225
ASV_1228,Bacteria,Acidobacteria,Acidobacteria_Gp6,Unassigned,Unassigned,Gp6,Unassigned,6.5,ASV_1228
ASV_123,Bacteria,Proteobacteria,Betaproteobacteria,Burkholderiales,Burkholderiales_incertae_sedis,Aquabacterium,Unassigned,33.6666666666667,ASV_123
ASV_124,Bacteria,Proteobacteria,Unassigned,Unassigned,Unassigned,Unassigned,Unassigned,34.6666666666667,ASV_124
ASV_1246,Bacteria,Acidobacteria,Acidobacteria_Gp6,Unassigned,Unassigned,Gp6,Unassigned,16.1666666666667,ASV_1246
ASV_125,Bacteria,Actinobacteria,Actinobacteria,Actinomycetales,Streptosporangiaceae,Unassigned,Unassigned,48.5,ASV_125
ASV_1263,Bacteria,Verrucomicrobia,Opitutae,Opitutales,Opitutaceae,Opitutus,Opitutus_terrae,7.66666666666667,ASV_1263
ASV_1268,Bacteria,Actinobacteria,Actinobacteria,Actinomycetales,Streptomycetaceae,Streptomyces,Streptomyces_bullii,6.16666666666667,ASV_1268
ASV_128,Bacteria,Proteobacteria,Betaproteobacteria,Burkholderiales,Comamonadaceae,Unassigned,Unassigned,44.5,ASV_128
ASV_1292,Bacteria,Actinobacteria,Actinobacteria,Actinomycetales,Streptomycetaceae,Streptomyces,Unassigned,5.5,ASV_1292
ASV_1439,Bacteria,Actinobacteria,Unassigned,Unassigned,Unassigned,Unassigned,Unassigned,9.16666666666667,ASV_1439
ASV_148,Bacteria,Proteobacteria,Alphaproteobacteria,Rhizobiales,Unassigned,Unassigned,Unassigned,36.5,ASV_148
ASV_15,Bacteria,Proteobacteria,Alphaproteobacteria,Rhizobiales,Bradyrhizobiaceae,Bradyrhizobium,Bradyrhizobium_neotropicale,329.833333333333,ASV_15
ASV_1501,Bacteria,Proteobacteria,Deltaproteobacteria,Myxococcales,Polyangiaceae,Unassigned,Unassigned,5.33333333333333,ASV_1501
ASV_1547,Bacteria,Firmicutes,Bacilli,Bacillales,Paenibacillaceae_1,Cohnella,Cohnella_panacarvi,6.83333333333333,ASV_1547
ASV_1573,Bacteria,Firmicutes,Bacilli,Bacillales,Paenibacillaceae_1,Paenibacillus,Unassigned,6,ASV_1573
ASV_1574,Bacteria,Actinobacteria,Actinobacteria,Actinomycetales,Streptomycetaceae,Streptomyces,Streptomyces_chrysomallus_subsp._chrysomallus,7.83333333333333,ASV_1574
ASV_158,Bacteria,Actinobacteria,Actinobacteria,Actinomycetales,Micromonosporaceae,Unassigned,Unassigned,30.5,ASV_158
ASV_1607,Bacteria,Planctomycetes,Planctomycetia,Planctomycetales,Planctomycetaceae,Unassigned,Unassigned,6.66666666666667,ASV_1607
ASV_161,Bacteria,Bacteroidetes,Cytophagia,Cytophagales,Unassigned,Ohtaekwangia,Ohtaekwangia_koreensis,65.5,ASV_161
ASV_1611,Bacteria,Actinobacteria,Actinobacteria,Actinomycetales,Micromonosporaceae,Dactylosporangium,Unassigned,6.16666666666667,ASV_1611
ASV_165,Bacteria,Bacteroidetes,Flavobacteriia,Flavobacteriales,Flavobacteriaceae,Flavobacterium,Unassigned,33.1666666666667,ASV_165
ASV_166,Bacteria,Proteobacteria,Betaproteobacteria,Burkholderiales,Unassigned,Unassigned,Unassigned,115.166666666667,ASV_166
ASV_1674,Bacteria,Actinobacteria,Actinobacteria,Actinomycetales,Cellulomonadaceae,Cellulomonas,Unassigned,5.83333333333333,ASV_1674
ASV_1731,Bacteria,Proteobacteria,Unassigned,Unassigned,Unassigned,Unassigned,Unassigned,8.33333333333333,ASV_1731
ASV_1746,Bacteria,Acidobacteria,Acidobacteria_Gp17,Unassigned,Unassigned,Gp17,Unassigned,6.16666666666667,ASV_1746
ASV_1758,Bacteria,Actinobacteria,Actinobacteria,Solirubrobacterales,Unassigned,Unassigned,Unassigned,5.16666666666667,ASV_1758
ASV_180,Bacteria,Actinobacteria,Actinobacteria,Actinomycetales,Unassigned,Unassigned,Unassigned,39,ASV_180
ASV_1802,Bacteria,Firmicutes,Bacilli,Bacillales,Paenibacillaceae_1,Paenibacillus,Unassigned,6.16666666666667,ASV_1802
ASV_1854,Bacteria,Proteobacteria,Gammaproteobacteria,Enterobacteriales,Enterobacteriaceae,Cedecea,Unassigned,6.66666666666667,ASV_1854
ASV_1896,Bacteria,Firmicutes,Clostridia,Clostridiales,Clostridiaceae_1,Clostridium_sensu_stricto,Unassigned,6.16666666666667,ASV_1896
ASV_191,Bacteria,Bacteroidetes,Cytophagia,Cytophagales,Unassigned,Ohtaekwangia,Unassigned,30.5,ASV_191
ASV_1922,Bacteria,Actinobacteria,Actinobacteria,Solirubrobacterales,Solirubrobacteraceae,Solirubrobacter,Solirubrobacter_taibaiensis,5.5,ASV_1922
ASV_1987,Bacteria,Proteobacteria,Alphaproteobacteria,Rhizobiales,Methylobacteriaceae,Microvirga,Unassigned,8.66666666666667,ASV_1987
ASV_1990,Bacteria,Acidobacteria,Acidobacteria_Gp10,Unassigned,Unassigned,Gp10,Unassigned,5.83333333333333,ASV_1990
ASV_1995,Bacteria,Proteobacteria,Gammaproteobacteria,Pseudomonadales,Pseudomonadaceae,Pseudomonas,Unassigned,6.33333333333333,ASV_1995
ASV_2045,Bacteria,Proteobacteria,Deltaproteobacteria,Myxococcales,Unassigned,Unassigned,Unassigned,7.66666666666667,ASV_2045
ASV_205,Bacteria,Chloroflexi,Chloroflexia,Chloroflexales,Unassigned,Unassigned,Unassigned,21,ASV_205
ASV_2084,Bacteria,Firmicutes,Bacilli,Bacillales,Paenibacillaceae_1,Paenibacillus,Unassigned,5,ASV_2084
ASV_211,Bacteria,Proteobacteria,Alphaproteobacteria,Rhizobiales,Unassigned,Unassigned,Unassigned,15.6666666666667,ASV_211
ASV_217,Bacteria,Proteobacteria,Gammaproteobacteria,Pseudomonadales,Pseudomonadaceae,Cellvibrio,Unassigned,47.3333333333333,ASV_217
ASV_22,Bacteria,Proteobacteria,Alphaproteobacteria,Rhizobiales,Unassigned,Unassigned,Unassigned,188.5,ASV_22
ASV_2234,Bacteria,Unassigned,Unassigned,Unassigned,Unassigned,Unassigned,Unassigned,7.83333333333333,ASV_2234
ASV_228,Bacteria,Proteobacteria,Betaproteobacteria,Burkholderiales,Burkholderiaceae,Burkholderia,Unassigned,20.8333333333333,ASV_228
ASV_231,Bacteria,Proteobacteria,Betaproteobacteria,Burkholderiales,Comamonadaceae,Unassigned,Unassigned,33.1666666666667,ASV_231
ASV_233,Bacteria,Proteobacteria,Gammaproteobacteria,Xanthomonadales,Xanthomonadaceae,Lysobacter,Unassigned,19.8333333333333,ASV_233
ASV_24,Bacteria,Proteobacteria,Alphaproteobacteria,Sphingomonadales,Sphingomonadaceae,Sphingomonas,Unassigned,117.5,ASV_24
ASV_240,Bacteria,Actinobacteria,Actinobacteria,Actinomycetales,Nocardioidaceae,Nocardioides,Nocardioides_agariphilus,29.1666666666667,ASV_240
ASV_2411,Bacteria,Actinobacteria,Actinobacteria,Actinomycetales,Nocardioidaceae,Nocardioides,Nocardioides_dilutus,8.5,ASV_2411
ASV_2460,Bacteria,Actinobacteria,Actinobacteria,Solirubrobacterales,Unassigned,Unassigned,Unassigned,5.5,ASV_2460
ASV_2483,Bacteria,Firmicutes,Bacilli,Bacillales,Paenibacillaceae_1,Paenibacillus,Unassigned,5.5,ASV_2483
ASV_252,Bacteria,Proteobacteria,Gammaproteobacteria,Xanthomonadales,Xanthomonadaceae,Unassigned,Unassigned,16.8333333333333,ASV_252
ASV_258,Bacteria,Bacteroidetes,Flavobacteriia,Flavobacteriales,Flavobacteriaceae,Flavobacterium,Unassigned,19.5,ASV_258
ASV_259,Bacteria,Proteobacteria,Gammaproteobacteria,Xanthomonadales,Sinobacteraceae,Steroidobacter,Steroidobacter_denitrificans,22.3333333333333,ASV_259
ASV_268,Bacteria,Proteobacteria,Alphaproteobacteria,Caulobacterales,Caulobacteraceae,Caulobacter,Caulobacter_fusiformis,23.1666666666667,ASV_268
ASV_2734,Bacteria,Proteobacteria,Gammaproteobacteria,Xanthomonadales,Sinobacteraceae,Steroidobacter,Steroidobacter_agariperforans,5,ASV_2734
ASV_28,Bacteria,Actinobacteria,Actinobacteria,Actinomycetales,Thermomonosporaceae,Actinocorallia,Unassigned,207.833333333333,ASV_28
ASV_282,Bacteria,Proteobacteria,Alphaproteobacteria,Rhizobiales,Hyphomicrobiaceae,Devosia,Unassigned,13,ASV_282
ASV_288,Bacteria,Actinobacteria,Actinobacteria,Gaiellales,Gaiellaceae,Gaiella,Gaiella_occulta,23,ASV_288
ASV_29,Bacteria,Proteobacteria,Alphaproteobacteria,Rhizobiales,Rhizobiaceae,Unassigned,Unassigned,122.166666666667,ASV_29
ASV_2916,Bacteria,Firmicutes,Bacilli,Bacillales,Alicyclobacillaceae,Tumebacillus,Tumebacillus_ginsengisoli,11.3333333333333,ASV_2916
ASV_294,Bacteria,Proteobacteria,Gammaproteobacteria,Xanthomonadales,Sinobacteraceae,Unassigned,Unassigned,27.8333333333333,ASV_294
ASV_297,Bacteria,Actinobacteria,Actinobacteria,Solirubrobacterales,Unassigned,Unassigned,Unassigned,24.6666666666667,ASV_297
ASV_30,Bacteria,Proteobacteria,Betaproteobacteria,Burkholderiales,Burkholderiales_incertae_sedis,Unassigned,Unassigned,164.333333333333,ASV_30
ASV_303,Bacteria,Actinobacteria,Actinobacteria,Actinomycetales,Micromonosporaceae,Actinoplanes,Actinoplanes_rectilineatus,23,ASV_303
ASV_308,Bacteria,Unassigned,Unassigned,Unassigned,Unassigned,Unassigned,Unassigned,15,ASV_308
ASV_313,Bacteria,Chloroflexi,Chloroflexia,Chloroflexales,Chloroflexaceae,Unassigned,Unassigned,15.5,ASV_313
ASV_317,Bacteria,Proteobacteria,Alphaproteobacteria,Rhizobiales,Rhizobiaceae,Rhizobium,Unassigned,12.1666666666667,ASV_317
ASV_32,Bacteria,Proteobacteria,Betaproteobacteria,Burkholderiales,Comamonadaceae,Kinneretia,Kinneretia_asaccharophila,173.333333333333,ASV_32
ASV_330,Bacteria,Proteobacteria,Betaproteobacteria,Burkholderiales,Comamonadaceae,Hydrogenophaga,Unassigned,16.1666666666667,ASV_330
ASV_334,Bacteria,Bacteroidetes,Cytophagia,Cytophagales,Unassigned,Unassigned,Unassigned,19,ASV_334
ASV_337,Bacteria,Proteobacteria,Unassigned,Unassigned,Unassigned,Unassigned,Unassigned,19.5,ASV_337
ASV_352,Bacteria,Actinobacteria,Actinobacteria,Actinomycetales,Unassigned,Unassigned,Unassigned,18.1666666666667,ASV_352
ASV_357,Bacteria,Proteobacteria,Alphaproteobacteria,Rhizobiales,Bradyrhizobiaceae,Bosea,Unassigned,10.1666666666667,ASV_357
ASV_36,Bacteria,Proteobacteria,Betaproteobacteria,Burkholderiales,Oxalobacteraceae,Pseudoduganella,Pseudoduganella_violaceinigra,125.666666666667,ASV_36
ASV_364,Bacteria,Actinobacteria,Actinobacteria,Actinomycetales,Promicromonosporaceae,Promicromonospora,Unassigned,24.6666666666667,ASV_364
ASV_369,Bacteria,Proteobacteria,Alphaproteobacteria,Rhizobiales,Hyphomicrobiaceae,Devosia,Unassigned,15.3333333333333,ASV_369
ASV_376,Bacteria,Firmicutes,Bacilli,Bacillales,Bacillaceae_1,Bacillus,Unassigned,26.8333333333333,ASV_376
ASV_390,Bacteria,Proteobacteria,Betaproteobacteria,Burkholderiales,Oxalobacteraceae,Unassigned,Unassigned,10.6666666666667,ASV_390
ASV_399,Bacteria,Proteobacteria,Gammaproteobacteria,Pseudomonadales,Pseudomonadaceae,Permianibacter,Permianibacter_aggregans,9.66666666666667,ASV_399
ASV_403,Bacteria,Proteobacteria,Gammaproteobacteria,Pseudomonadales,Pseudomonadaceae,Cellvibrio,Cellvibrio_ostraviensis,20.1666666666667,ASV_403
ASV_405,Bacteria,Proteobacteria,Betaproteobacteria,Burkholderiales,Comamonadaceae,Unassigned,Unassigned,8.33333333333333,ASV_405
ASV_408,Bacteria,Bacteroidetes,Flavobacteriia,Flavobacteriales,Flavobacteriaceae,Flavobacterium,Flavobacterium_urocaniciphilum,6.66666666666667,ASV_408
ASV_410,Bacteria,Proteobacteria,Alphaproteobacteria,Rhizobiales,Rhizobiaceae,Rhizobium,Unassigned,7.33333333333333,ASV_410
ASV_416,Bacteria,Actinobacteria,Actinobacteria,Actinomycetales,Pseudonocardiaceae,Actinophytocola,Unassigned,12.5,ASV_416
ASV_418,Bacteria,Proteobacteria,Betaproteobacteria,Burkholderiales,Oxalobacteraceae,Unassigned,Unassigned,12.5,ASV_418
ASV_419,Bacteria,Proteobacteria,Gammaproteobacteria,Xanthomonadales,Xanthomonadaceae,Arenimonas,Arenimonas_daejeonensis,14.1666666666667,ASV_419
ASV_423,Bacteria,Proteobacteria,Gammaproteobacteria,Xanthomonadales,Sinobacteraceae,Unassigned,Unassigned,11.5,ASV_423
ASV_434,Bacteria,Actinobacteria,Actinobacteria,Actinomycetales,Streptosporangiaceae,Nonomuraea,Unassigned,10.1666666666667,ASV_434
ASV_438,Bacteria,Proteobacteria,Alphaproteobacteria,Rhizobiales,Hyphomicrobiaceae,Hyphomicrobium,Hyphomicrobium_sulfonivorans,10.8333333333333,ASV_438
ASV_446,Bacteria,Proteobacteria,Betaproteobacteria,Burkholderiales,Burkholderiales_incertae_sedis,Aquabacterium,Unassigned,10.3333333333333,ASV_446
ASV_450,Bacteria,Proteobacteria,Gammaproteobacteria,Xanthomonadales,Xanthomonadaceae,Unassigned,Unassigned,8.16666666666667,ASV_450
ASV_451,Bacteria,Unassigned,Unassigned,Unassigned,Unassigned,Unassigned,Unassigned,9.83333333333333,ASV_451
ASV_454,Bacteria,Actinobacteria,Actinobacteria,Actinomycetales,Micromonosporaceae,Unassigned,Unassigned,22.5,ASV_454
ASV_457,Bacteria,Actinobacteria,Actinobacteria,Actinomycetales,Nocardioidaceae,Nocardioides,Nocardioides_jensenii,10,ASV_457
ASV_462,Bacteria,Proteobacteria,Alphaproteobacteria,Sphingomonadales,Sphingomonadaceae,Sphingomonas,Sphingomonas_daechungensis,7.33333333333333,ASV_462
ASV_47,Bacteria,Proteobacteria,Betaproteobacteria,Burkholderiales,Comamonadaceae,Unassigned,Unassigned,120.333333333333,ASV_47
ASV_480,Bacteria,Actinobacteria,Actinobacteria,Actinomycetales,Cellulomonadaceae,Cellulomonas,Cellulomonas_humilata,12.6666666666667,ASV_480
ASV_488,Bacteria,Proteobacteria,Unassigned,Unassigned,Unassigned,Unassigned,Unassigned,8,ASV_488
ASV_492,Bacteria,Unassigned,Unassigned,Unassigned,Unassigned,Unassigned,Unassigned,9.66666666666667,ASV_492
ASV_493,Bacteria,Proteobacteria,Unassigned,Unassigned,Unassigned,Unassigned,Unassigned,9.16666666666667,ASV_493
ASV_501,Bacteria,Proteobacteria,Gammaproteobacteria,Xanthomonadales,Xanthomonadaceae,Lysobacter,Lysobacter_brunescens,10.1666666666667,ASV_501
ASV_503,Bacteria,Proteobacteria,Alphaproteobacteria,Rhodospirillales,Rhodospirillaceae,Dongia,Dongia_mobilis,11.3333333333333,ASV_503
ASV_505,Bacteria,Actinobacteria,Actinobacteria,Acidimicrobiales,Iamiaceae,Aquihabitans,Aquihabitans_daechungensis,11.6666666666667,ASV_505
ASV_515,Bacteria,Actinobacteria,Actinobacteria,Acidimicrobiales,Acidimicrobiaceae,Ilumatobacter,Ilumatobacter_fluminis,10.6666666666667,ASV_515
ASV_525,Bacteria,Actinobacteria,Actinobacteria,Solirubrobacterales,Unassigned,Unassigned,Unassigned,10.6666666666667,ASV_525
ASV_528,Bacteria,Proteobacteria,Gammaproteobacteria,Unassigned,Unassigned,Unassigned,Unassigned,9.66666666666667,ASV_528
ASV_529,Bacteria,Proteobacteria,Deltaproteobacteria,Unassigned,Unassigned,Unassigned,Unassigned,5.83333333333333,ASV_529
ASV_531,Bacteria,Proteobacteria,Gammaproteobacteria,Pseudomonadales,Pseudomonadaceae,Pseudomonas,Unassigned,10.3333333333333,ASV_531
ASV_536,Bacteria,Actinobacteria,Actinobacteria,Unassigned,Unassigned,Unassigned,Unassigned,13.1666666666667,ASV_536
ASV_539,Bacteria,Actinobacteria,Actinobacteria,Actinomycetales,Micromonosporaceae,Unassigned,Unassigned,9,ASV_539
ASV_54,Bacteria,Proteobacteria,Unassigned,Unassigned,Unassigned,Unassigned,Unassigned,107.333333333333,ASV_54
ASV_540,Bacteria,Proteobacteria,Alphaproteobacteria,Rhizobiales,Rhizobiaceae,Shinella,Unassigned,21.5,ASV_540
ASV_568,Bacteria,Proteobacteria,Gammaproteobacteria,Enterobacteriales,Enterobacteriaceae,Pantoea,Unassigned,24.8333333333333,ASV_568
ASV_569,Bacteria,Actinobacteria,Actinobacteria,Rubrobacterales,Rubrobacteraceae,Rubrobacter,Rubrobacter_bracarensis,12.6666666666667,ASV_569
ASV_570,Bacteria,Proteobacteria,Alphaproteobacteria,Caulobacterales,Caulobacteraceae,Brevundimonas,Brevundimonas_kwangchunensis,5.83333333333333,ASV_570
ASV_576,Bacteria,Proteobacteria,Alphaproteobacteria,Rhizobiales,Hyphomicrobiaceae,Pedomicrobium,Unassigned,9.83333333333333,ASV_576
ASV_584,Bacteria,Actinobacteria,Actinobacteria,Actinomycetales,Unassigned,Unassigned,Unassigned,6.66666666666667,ASV_584
ASV_6,Bacteria,Proteobacteria,Betaproteobacteria,Burkholderiales,Unassigned,Unassigned,Unassigned,328.333333333333,ASV_6
ASV_608,Bacteria,Actinobacteria,Actinobacteria,Gaiellales,Gaiellaceae,Gaiella,Gaiella_occulta,8.83333333333333,ASV_608
ASV_614,Bacteria,Proteobacteria,Betaproteobacteria,Burkholderiales,Oxalobacteraceae,Unassigned,Unassigned,10.6666666666667,ASV_614
ASV_622,Bacteria,Actinobacteria,Actinobacteria,Actinomycetales,Nocardioidaceae,Marmoricola,Unassigned,5.5,ASV_622
ASV_637,Bacteria,Actinobacteria,Actinobacteria,Gaiellales,Gaiellaceae,Gaiella,Gaiella_occulta,5.33333333333333,ASV_637
ASV_65,Bacteria,Proteobacteria,Alphaproteobacteria,Rhizobiales,Bradyrhizobiaceae,Unassigned,Unassigned,97,ASV_65
ASV_652,Bacteria,Proteobacteria,Betaproteobacteria,Burkholderiales,Oxalobacteraceae,Unassigned,Unassigned,5.5,ASV_652
ASV_654,Bacteria,Firmicutes,Bacilli,Bacillales,Paenibacillaceae_1,Paenibacillus,Paenibacillus_panacisoli,11.3333333333333,ASV_654
ASV_664,Bacteria,Firmicutes,Bacilli,Bacillales,Bacillaceae_2,Terribacillus,Terribacillus_goriensis,14.3333333333333,ASV_664
ASV_671,Bacteria,Firmicutes,Bacilli,Bacillales,Paenibacillaceae_1,Paenibacillus,Unassigned,17.1666666666667,ASV_671
ASV_681,Bacteria,Proteobacteria,Alphaproteobacteria,Sphingomonadales,Sphingomonadaceae,Sphingomonas,Unassigned,5.16666666666667,ASV_681
ASV_692,Bacteria,Actinobacteria,Actinobacteria,Actinomycetales,Geodermatophilaceae,Blastococcus,Blastococcus_saxobsidens,10.3333333333333,ASV_692
ASV_70,Bacteria,Proteobacteria,Gammaproteobacteria,Xanthomonadales,Xanthomonadaceae,Pseudoxanthomonas,Pseudoxanthomonas_gei,62,ASV_70
ASV_701,Bacteria,Actinobacteria,Actinobacteria,Actinomycetales,Unassigned,Unassigned,Unassigned,5.83333333333333,ASV_701
ASV_71,Bacteria,Proteobacteria,Alphaproteobacteria,Sphingomonadales,Sphingomonadaceae,Sphingopyxis,Sphingopyxis_soli,62,ASV_71
ASV_725,Bacteria,Spirochaetes,Spirochaetia,Spirochaetales,Leptospiraceae,Turneriella,Turneriella_parva,6.83333333333333,ASV_725
ASV_726,Bacteria,Proteobacteria,Alphaproteobacteria,Rhizobiales,Phyllobacteriaceae,Mesorhizobium,Mesorhizobium_silamurunense,5.83333333333333,ASV_726
ASV_75,Bacteria,Proteobacteria,Betaproteobacteria,Burkholderiales,Comamonadaceae,Variovorax,Unassigned,68.3333333333333,ASV_75
ASV_778,Bacteria,Proteobacteria,Betaproteobacteria,Unassigned,Unassigned,Unassigned,Unassigned,6.33333333333333,ASV_778
ASV_80,Bacteria,Proteobacteria,Gammaproteobacteria,Xanthomonadales,Xanthomonadaceae,Pseudoxanthomonas,Pseudoxanthomonas_wuyuanensis,91.5,ASV_80
ASV_801,Bacteria,Verrucomicrobia,Spartobacteria,Unassigned,Unassigned,Spartobacteria_genera_incertae_sedis,Unassigned,11,ASV_801
ASV_805,Bacteria,Proteobacteria,Gammaproteobacteria,Xanthomonadales,Sinobacteraceae,Steroidobacter,Unassigned,8.5,ASV_805
ASV_815,Bacteria,Actinobacteria,Actinobacteria,Actinomycetales,Nocardioidaceae,Nocardioides,Unassigned,11,ASV_815
ASV_821,Bacteria,Proteobacteria,Alphaproteobacteria,Rhizobiales,Hyphomicrobiaceae,Unassigned,Unassigned,6.16666666666667,ASV_821
ASV_839,Bacteria,Actinobacteria,Actinobacteria,Actinomycetales,Promicromonosporaceae,Promicromonospora,Unassigned,5,ASV_839
ASV_844,Bacteria,Proteobacteria,Betaproteobacteria,Unassigned,Unassigned,Unassigned,Unassigned,7.33333333333333,ASV_844
ASV_849,Bacteria,Firmicutes,Bacilli,Bacillales,Paenibacillaceae_1,Paenibacillus,Paenibacillus_terrae,14.5,ASV_849
ASV_85,Bacteria,Proteobacteria,Betaproteobacteria,Burkholderiales,Oxalobacteraceae,Unassigned,Unassigned,47.5,ASV_85
ASV_860,Bacteria,Chloroflexi,Chloroflexia,Unassigned,Unassigned,Unassigned,Unassigned,5.83333333333333,ASV_860
ASV_863,Bacteria,Proteobacteria,Betaproteobacteria,Burkholderiales,Burkholderiales_incertae_sedis,Aquabacterium,Aquabacterium_parvum,6.5,ASV_863
ASV_887,Bacteria,Proteobacteria,Alphaproteobacteria,Rhizobiales,Rhizobiaceae,Rhizobium,Unassigned,5.16666666666667,ASV_887
ASV_90,Bacteria,Proteobacteria,Gammaproteobacteria,Pseudomonadales,Pseudomonadaceae,Pseudomonas,Unassigned,94.6666666666667,ASV_90
ASV_907,Bacteria,Proteobacteria,Deltaproteobacteria,Myxococcales,Cystobacteraceae,Cystobacter,Unassigned,7.16666666666667,ASV_907
ASV_91,Bacteria,Proteobacteria,Unassigned,Unassigned,Unassigned,Unassigned,Unassigned,91.5,ASV_91
ASV_919,Bacteria,Proteobacteria,Unassigned,Unassigned,Unassigned,Unassigned,Unassigned,6.16666666666667,ASV_919
ASV_93,Bacteria,Proteobacteria,Gammaproteobacteria,Xanthomonadales,Xanthomonadaceae,Lysobacter,Lysobacter_brunescens,48.6666666666667,ASV_93
ASV_931,Bacteria,Bacteroidetes,Flavobacteriia,Flavobacteriales,Flavobacteriaceae,Flavobacterium,Unassigned,5.83333333333333,ASV_931
ASV_939,Bacteria,Actinobacteria,Actinobacteria,Actinomycetales,Micromonosporaceae,Hamadaea,Hamadaea_tsunoensis,6.33333333333333,ASV_939
ASV_941,Bacteria,Chloroflexi,Chloroflexia,Unassigned,Unassigned,Unassigned,Unassigned,5.83333333333333,ASV_941
ASV_952,Bacteria,Verrucomicrobia,Opitutae,Opitutales,Opitutaceae,Opitutus,Opitutus_terrae,6,ASV_952
ASV_968,Bacteria,Actinobacteria,Actinobacteria,Actinomycetales,Pseudonocardiaceae,Unassigned,Unassigned,16.3333333333333,ASV_968
ASV_997,Bacteria,Proteobacteria,Alphaproteobacteria,Rhizobiales,Unassigned,Unassigned,Unassigned,5,ASV_997
