ID,Kingdom,Phylum,Class,Order,Family,Genus,Species,mean,Label
ASV_558,Bacteria,Proteobacteria,Unassigned,Unassigned,Unassigned,Unassigned,Unassigned,8.66666666666667,ASV_558
ASV_864,Bacteria,Actinobacteria,Actinobacteria,Actinomycetales,Pseudonocardiaceae,Pseudonocardia,Unassigned,6.33333333333333,ASV_864
ASV_1312,Bacteria,Actinobacteria,Actinobacteria,Actinomycetales,Streptomycetaceae,Streptomyces,Unassigned,6.16666666666667,ASV_1312
ASV_532,Bacteria,Proteobacteria,Deltaproteobacteria,Bdellovibrionales,Bdellovibrionaceae,Bdellovibrio,Bdellovibrio_bacteriovorus,7.66666666666667,ASV_532
ASV_348,Bacteria,Bacteroidetes,Cytophagia,Cytophagales,Unassigned,Unassigned,Unassigned,19.1666666666667,ASV_348
ASV_353,Bacteria,Actinobacteria,Actinobacteria,Actinomycetales,Nocardioidaceae,Nocardioides,Unassigned,12,ASV_353
ASV_243,Bacteria,Actinobacteria,Actinobacteria,Actinomycetales,Pseudonocardiaceae,Lentzea,Lentzea_jiangxiensis,34.3333333333333,ASV_243
ASV_587,Bacteria,Bacteroidetes,Sphingobacteriia,Sphingobacteriales,Sphingobacteriaceae,Unassigned,Unassigned,5.66666666666667,ASV_587
ASV_392,Bacteria,Proteobacteria,Deltaproteobacteria,Myxococcales,Unassigned,Unassigned,Unassigned,15.3333333333333,ASV_392
ASV_433,Bacteria,Proteobacteria,Unassigned,Unassigned,Unassigned,Unassigned,Unassigned,14.8333333333333,ASV_433
ASV_1069,Bacteria,Actinobacteria,Actinobacteria,Actinomycetales,Micromonosporaceae,Unassigned,Unassigned,6.16666666666667,ASV_1069
ASV_626,Bacteria,Proteobacteria,Alphaproteobacteria,Sphingomonadales,Erythrobacteraceae,Unassigned,Unassigned,5,ASV_626
ASV_739,Bacteria,Actinobacteria,Actinobacteria,Actinomycetales,Micromonosporaceae,Actinoplanes,Unassigned,6,ASV_739
ASV_738,Bacteria,Actinobacteria,Actinobacteria,Actinomycetales,Unassigned,Unassigned,Unassigned,5.33333333333333,ASV_738
ASV_388,Bacteria,Actinobacteria,Actinobacteria,Actinomycetales,Pseudonocardiaceae,Pseudonocardia,Pseudonocardia_kunmingensis,13.5,ASV_388
ASV_942,Bacteria,Firmicutes,Bacilli,Bacillales,Bacillaceae_1,Bacillus,Unassigned,7.33333333333333,ASV_942
ASV_205,Bacteria,Chloroflexi,Chloroflexia,Chloroflexales,Unassigned,Unassigned,Unassigned,27.6666666666667,ASV_205
ASV_2682,Bacteria,Acidobacteria,Acidobacteria_Gp6,Unassigned,Unassigned,Gp6,Unassigned,5,ASV_2682
ASV_548,Bacteria,Chloroflexi,Chloroflexia,Unassigned,Unassigned,Unassigned,Unassigned,11.6666666666667,ASV_548
ASV_281,Bacteria,Unassigned,Unassigned,Unassigned,Unassigned,Unassigned,Unassigned,17.6666666666667,ASV_281
ASV_1061,Bacteria,Proteobacteria,Betaproteobacteria,Burkholderiales,Unassigned,Unassigned,Unassigned,6.5,ASV_1061
ASV_338,Bacteria,Proteobacteria,Betaproteobacteria,Burkholderiales,Oxalobacteraceae,Paraherbaspirillum,Paraherbaspirillum_soli,11.5,ASV_338
ASV_496,Bacteria,Proteobacteria,Unassigned,Unassigned,Unassigned,Unassigned,Unassigned,5.83333333333333,ASV_496
ASV_791,Bacteria,Proteobacteria,Unassigned,Unassigned,Unassigned,Unassigned,Unassigned,5.5,ASV_791
ASV_745,Bacteria,Proteobacteria,Gammaproteobacteria,Unassigned,Unassigned,Unassigned,Unassigned,5,ASV_745
ASV_40,Bacteria,Chloroflexi,Chloroflexia,Herpetosiphonales,Herpetosiphonaceae,Herpetosiphon,Unassigned,240.166666666667,ASV_40
ASV_903,Bacteria,Proteobacteria,Gammaproteobacteria,Unassigned,Unassigned,Unassigned,Unassigned,5.33333333333333,ASV_903
ASV_1193,Bacteria,Actinobacteria,Actinobacteria,Actinomycetales,Micromonosporaceae,Unassigned,Unassigned,6.66666666666667,ASV_1193
ASV_284,Bacteria,Actinobacteria,Actinobacteria,Actinomycetales,Nocardioidaceae,Nocardioides,Nocardioides_albus,15.1666666666667,ASV_284
ASV_430,Bacteria,Proteobacteria,Alphaproteobacteria,Rhizobiales,Unassigned,Unassigned,Unassigned,12.1666666666667,ASV_430
ASV_769,Bacteria,Actinobacteria,Actinobacteria,Unassigned,Unassigned,Unassigned,Unassigned,4.66666666666667,ASV_769
ASV_350,Bacteria,Proteobacteria,Betaproteobacteria,Burkholderiales,Comamonadaceae,Pelomonas,Pelomonas_puraquae,25.6666666666667,ASV_350
ASV_129,Bacteria,Proteobacteria,Alphaproteobacteria,Rhizobiales,Rhizobiaceae,Rhizobium,Rhizobium_alvei,47.3333333333333,ASV_129
ASV_641,Bacteria,Bacteroidetes,Flavobacteriia,Flavobacteriales,Flavobacteriaceae,Chryseobacterium,Chryseobacterium_defluvii,5.16666666666667,ASV_641
ASV_533,Bacteria,Proteobacteria,Unassigned,Unassigned,Unassigned,Unassigned,Unassigned,20.8333333333333,ASV_533
ASV_407,Bacteria,Actinobacteria,Actinobacteria,Actinomycetales,Mycobacteriaceae,Mycobacterium,Unassigned,17.5,ASV_407
ASV_1039,Bacteria,Actinobacteria,Actinobacteria,Actinomycetales,Pseudonocardiaceae,Umezawaea,Umezawaea_tangerina,10.3333333333333,ASV_1039
ASV_1374,Bacteria,Proteobacteria,Alphaproteobacteria,Rhodospirillales,Rhodospirillaceae,Unassigned,Unassigned,6.16666666666667,ASV_1374
ASV_2919,Bacteria,Proteobacteria,Betaproteobacteria,Burkholderiales,Oxalobacteraceae,Massilia,Massilia_varians,5.83333333333333,ASV_2919
ASV_329,Bacteria,Bacteroidetes,Cytophagia,Cytophagales,Unassigned,Ohtaekwangia,Unassigned,20.1666666666667,ASV_329
ASV_236,Bacteria,Actinobacteria,Actinobacteria,Gaiellales,Gaiellaceae,Gaiella,Gaiella_occulta,22.5,ASV_236
ASV_225,Bacteria,Proteobacteria,Deltaproteobacteria,Bdellovibrionales,Bacteriovoracaceae,Peredibacter,Peredibacter_starrii,29.6666666666667,ASV_225
ASV_723,Bacteria,Unassigned,Unassigned,Unassigned,Unassigned,Unassigned,Unassigned,15,ASV_723
ASV_802,Bacteria,Bacteroidetes,Flavobacteriia,Flavobacteriales,Flavobacteriaceae,Unassigned,Unassigned,14.3333333333333,ASV_802
ASV_927,Bacteria,Proteobacteria,Alphaproteobacteria,Rhodospirillales,Unassigned,Reyranella,Unassigned,11.5,ASV_927
ASV_1348,Bacteria,Nitrospirae,Nitrospira,Nitrospirales,Nitrospiraceae,Nitrospira,Unassigned,9.66666666666667,ASV_1348
ASV_716,Bacteria,Actinobacteria,Actinobacteria,Actinomycetales,Streptomycetaceae,Streptomyces,Unassigned,8.33333333333333,ASV_716
ASV_1168,Bacteria,Bacteroidetes,Sphingobacteriia,Sphingobacteriales,Unassigned,Unassigned,Unassigned,8.16666666666667,ASV_1168
ASV_1018,Bacteria,Bacteroidetes,Flavobacteriia,Flavobacteriales,Flavobacteriaceae,Flavobacterium,Flavobacterium_anhuiense,8.16666666666667,ASV_1018
ASV_874,Bacteria,Proteobacteria,Alphaproteobacteria,Rhizobiales,Phyllobacteriaceae,Mesorhizobium,Unassigned,8.16666666666667,ASV_874
ASV_1357,Bacteria,Actinobacteria,Actinobacteria,Actinomycetales,Pseudonocardiaceae,Actinophytocola,Actinophytocola_timorensis,7.66666666666667,ASV_1357
ASV_1043,Bacteria,Acidobacteria,Acidobacteria_Gp10,Unassigned,Unassigned,Gp10,Unassigned,6.83333333333333,ASV_1043
ASV_1441,Bacteria,Proteobacteria,Alphaproteobacteria,Sphingomonadales,Sphingomonadaceae,Sphingomonas,Unassigned,5,ASV_1441
ASV_1160,Bacteria,Bacteroidetes,Flavobacteriia,Flavobacteriales,Flavobacteriaceae,Chryseobacterium,Chryseobacterium_wanjuense,5,ASV_1160
ASV_2028,Bacteria,Nitrospirae,Nitrospira,Nitrospirales,Nitrospiraceae,Nitrospira,Unassigned,5,ASV_2028
ASV_1631,Bacteria,Proteobacteria,Gammaproteobacteria,Xanthomonadales,Xanthomonadaceae,Rudaea,Rudaea_cellulosilytica,4.33333333333333,ASV_1631
ASV_228,Bacteria,Proteobacteria,Betaproteobacteria,Burkholderiales,Burkholderiaceae,Burkholderia,Unassigned,26,ASV_228
ASV_787,Bacteria,Verrucomicrobia,Subdivision3,Unassigned,Unassigned,Subdivision3_genera_incertae_sedis,Unassigned,6.33333333333333,ASV_787
ASV_307,Bacteria,Actinobacteria,Actinobacteria,Actinomycetales,Nocardioidaceae,Aeromicrobium,Aeromicrobium_panaciterrae,13.1666666666667,ASV_307
ASV_332,Bacteria,Chloroflexi,Unassigned,Unassigned,Unassigned,Unassigned,Unassigned,14.6666666666667,ASV_332
ASV_459,Bacteria,Acidobacteria,Acidobacteria_Gp10,Unassigned,Unassigned,Gp10,Unassigned,26.1666666666667,ASV_459
ASV_926,Bacteria,Actinobacteria,Actinobacteria,Actinomycetales,Pseudonocardiaceae,Lechevalieria,Lechevalieria_atacamensis,6.5,ASV_926
ASV_1156,Bacteria,Actinobacteria,Actinobacteria,Actinomycetales,Micromonosporaceae,Dactylosporangium,Unassigned,26.3333333333333,ASV_1156
ASV_1320,Bacteria,Bacteroidetes,Flavobacteriia,Flavobacteriales,Flavobacteriaceae,Flavobacterium,Unassigned,6,ASV_1320
ASV_18,Bacteria,Actinobacteria,Actinobacteria,Actinomycetales,Pseudonocardiaceae,Lentzea,Lentzea_flaviverrucosa,375.5,ASV_18
ASV_1101,Bacteria,Actinobacteria,Actinobacteria,Actinomycetales,Pseudonocardiaceae,Unassigned,Unassigned,7.33333333333333,ASV_1101
ASV_1129,Bacteria,Actinobacteria,Actinobacteria,Actinomycetales,Micromonosporaceae,Unassigned,Unassigned,5.5,ASV_1129
ASV_1313,Bacteria,Firmicutes,Clostridia,Clostridiales,Lachnospiraceae,Unassigned,Unassigned,5.5,ASV_1313
ASV_1804,Bacteria,Proteobacteria,Alphaproteobacteria,Rhizobiales,Rhizobiaceae,Shinella,Unassigned,5.16666666666667,ASV_1804
ASV_232,Bacteria,Proteobacteria,Alphaproteobacteria,Rhizobiales,Unassigned,Unassigned,Unassigned,15.3333333333333,ASV_232
ASV_143,Bacteria,Proteobacteria,Gammaproteobacteria,Pseudomonadales,Pseudomonadaceae,Unassigned,Unassigned,43.1666666666667,ASV_143
ASV_458,Bacteria,Firmicutes,Bacilli,Bacillales,Bacillaceae_1,Bacillus,Bacillus_abyssalis,6.5,ASV_458
ASV_408,Bacteria,Bacteroidetes,Flavobacteriia,Flavobacteriales,Flavobacteriaceae,Flavobacterium,Flavobacterium_urocaniciphilum,5.16666666666667,ASV_408
ASV_379,Bacteria,Proteobacteria,Alphaproteobacteria,Sphingomonadales,Sphingomonadaceae,Unassigned,Unassigned,12.5,ASV_379
ASV_627,Bacteria,Actinobacteria,Actinobacteria,Actinomycetales,Micromonosporaceae,Unassigned,Unassigned,7.5,ASV_627
ASV_1304,Bacteria,Proteobacteria,Unassigned,Unassigned,Unassigned,Unassigned,Unassigned,5.5,ASV_1304
ASV_500,Bacteria,Proteobacteria,Alphaproteobacteria,Caulobacterales,Caulobacteraceae,Phenylobacterium,Unassigned,9.33333333333333,ASV_500
ASV_466,Bacteria,Actinobacteria,Actinobacteria,Actinomycetales,Mycobacteriaceae,Mycobacterium,Unassigned,9.33333333333333,ASV_466
ASV_1082,Bacteria,Proteobacteria,Betaproteobacteria,Unassigned,Unassigned,Unassigned,Unassigned,4.5,ASV_1082
ASV_492,Bacteria,Unassigned,Unassigned,Unassigned,Unassigned,Unassigned,Unassigned,13.6666666666667,ASV_492
ASV_486,Bacteria,Proteobacteria,Alphaproteobacteria,Rhizobiales,Unassigned,Unassigned,Unassigned,9.5,ASV_486
ASV_708,Bacteria,Proteobacteria,Alphaproteobacteria,Rhizobiales,Unassigned,Unassigned,Unassigned,4.66666666666667,ASV_708
ASV_363,Bacteria,Proteobacteria,Gammaproteobacteria,Xanthomonadales,Xanthomonadaceae,Unassigned,Unassigned,17.6666666666667,ASV_363
ASV_77,Bacteria,Proteobacteria,Gammaproteobacteria,Xanthomonadales,Sinobacteraceae,Steroidobacter,Steroidobacter_denitrificans,105.333333333333,ASV_77
ASV_155,Bacteria,Actinobacteria,Actinobacteria,Actinomycetales,Nocardioidaceae,Nocardioides,Unassigned,29.3333333333333,ASV_155
ASV_484,Bacteria,Actinobacteria,Actinobacteria,Actinomycetales,Streptomycetaceae,Streptomyces,Unassigned,22.5,ASV_484
ASV_1537,Bacteria,Proteobacteria,Alphaproteobacteria,Rhizobiales,Unassigned,Unassigned,Unassigned,4.33333333333333,ASV_1537
ASV_1247,Bacteria,Proteobacteria,Gammaproteobacteria,Xanthomonadales,Sinobacteraceae,Steroidobacter,Unassigned,5.66666666666667,ASV_1247
ASV_216,Bacteria,Chloroflexi,Unassigned,Unassigned,Unassigned,Unassigned,Unassigned,21.3333333333333,ASV_216
ASV_686,Bacteria,Unassigned,Unassigned,Unassigned,Unassigned,Unassigned,Unassigned,6.5,ASV_686
ASV_844,Bacteria,Proteobacteria,Betaproteobacteria,Unassigned,Unassigned,Unassigned,Unassigned,4.83333333333333,ASV_844
ASV_341,Bacteria,Unassigned,Unassigned,Unassigned,Unassigned,Unassigned,Unassigned,15.6666666666667,ASV_341
ASV_710,Bacteria,Proteobacteria,Betaproteobacteria,Burkholderiales,Oxalobacteraceae,Unassigned,Unassigned,13.5,ASV_710
ASV_87,Bacteria,Actinobacteria,Actinobacteria,Actinomycetales,Nocardioidaceae,Nocardioides,Unassigned,58.5,ASV_87
ASV_1116,Bacteria,Proteobacteria,Alphaproteobacteria,Rhizobiales,Unassigned,Unassigned,Unassigned,4.66666666666667,ASV_1116
ASV_412,Bacteria,Proteobacteria,Alphaproteobacteria,Rhizobiales,Phyllobacteriaceae,Mesorhizobium,Unassigned,13.6666666666667,ASV_412
ASV_272,Bacteria,Bacteroidetes,Cytophagia,Cytophagales,Unassigned,Chryseolinea,Chryseolinea_serpens,21.5,ASV_272
ASV_325,Bacteria,Proteobacteria,Alphaproteobacteria,Rhizobiales,Unassigned,Unassigned,Unassigned,16.6666666666667,ASV_325
ASV_735,Bacteria,Proteobacteria,Unassigned,Unassigned,Unassigned,Unassigned,Unassigned,6.66666666666667,ASV_735
ASV_507,Bacteria,Actinobacteria,Actinobacteria,Acidimicrobiales,Acidimicrobiaceae,Ilumatobacter,Unassigned,8.16666666666667,ASV_507
ASV_537,Bacteria,Proteobacteria,Betaproteobacteria,Burkholderiales,Oxalobacteraceae,Unassigned,Unassigned,8.33333333333333,ASV_537
ASV_15,Bacteria,Proteobacteria,Alphaproteobacteria,Rhizobiales,Bradyrhizobiaceae,Bradyrhizobium,Bradyrhizobium_neotropicale,328.5,ASV_15
ASV_417,Bacteria,Proteobacteria,Alphaproteobacteria,Rhizobiales,Unassigned,Unassigned,Unassigned,9.66666666666667,ASV_417
ASV_1062,Bacteria,Proteobacteria,Betaproteobacteria,Burkholderiales,Comamonadaceae,Pseudorhodoferax,Unassigned,9.16666666666667,ASV_1062
ASV_781,Bacteria,Actinobacteria,Actinobacteria,Actinomycetales,Cellulomonadaceae,Cellulomonas,Cellulomonas_hominis,8.83333333333333,ASV_781
ASV_150,Bacteria,Proteobacteria,Betaproteobacteria,Burkholderiales,Unassigned,Unassigned,Unassigned,44.5,ASV_150
ASV_117,Bacteria,Actinobacteria,Actinobacteria,Actinomycetales,Micromonosporaceae,Micromonospora,Unassigned,39.5,ASV_117
ASV_692,Bacteria,Actinobacteria,Actinobacteria,Actinomycetales,Geodermatophilaceae,Blastococcus,Blastococcus_saxobsidens,4.83333333333333,ASV_692
ASV_606,Bacteria,Proteobacteria,Alphaproteobacteria,Rhizobiales,Unassigned,Unassigned,Unassigned,5.83333333333333,ASV_606
ASV_712,Bacteria,Proteobacteria,Alphaproteobacteria,Rhizobiales,Hyphomicrobiaceae,Pedomicrobium,Unassigned,4.66666666666667,ASV_712
ASV_1118,Bacteria,Actinobacteria,Actinobacteria,Unassigned,Unassigned,Unassigned,Unassigned,6,ASV_1118
ASV_778,Bacteria,Proteobacteria,Betaproteobacteria,Unassigned,Unassigned,Unassigned,Unassigned,5.66666666666667,ASV_778
ASV_984,Bacteria,Bacteroidetes,Cytophagia,Cytophagales,Unassigned,Unassigned,Unassigned,5.5,ASV_984
ASV_1031,Bacteria,Spirochaetes,Spirochaetia,Spirochaetales,Leptospiraceae,Turneriella,Turneriella_parva,4.5,ASV_1031
ASV_593,Bacteria,Proteobacteria,Betaproteobacteria,Burkholderiales,Unassigned,Unassigned,Unassigned,12,ASV_593
ASV_326,Bacteria,Actinobacteria,Actinobacteria,Unassigned,Unassigned,Unassigned,Unassigned,15.5,ASV_326
ASV_310,Bacteria,Proteobacteria,Gammaproteobacteria,Pseudomonadales,Pseudomonadaceae,Pseudomonas,Unassigned,16.3333333333333,ASV_310
ASV_298,Bacteria,Proteobacteria,Alphaproteobacteria,Rhizobiales,Phyllobacteriaceae,Phyllobacterium,Phyllobacterium_myrsinacearum,16.8333333333333,ASV_298
ASV_397,Bacteria,Actinobacteria,Actinobacteria,Actinomycetales,Streptomycetaceae,Streptomyces,Unassigned,10.1666666666667,ASV_397
ASV_403,Bacteria,Proteobacteria,Gammaproteobacteria,Pseudomonadales,Pseudomonadaceae,Cellvibrio,Cellvibrio_ostraviensis,12,ASV_403
ASV_677,Bacteria,Proteobacteria,Deltaproteobacteria,Myxococcales,Unassigned,Unassigned,Unassigned,7,ASV_677
ASV_16,Bacteria,Actinobacteria,Actinobacteria,Actinomycetales,Streptomycetaceae,Streptomyces,Streptomyces_ederensis,406.833333333333,ASV_16
ASV_1744,Bacteria,Actinobacteria,Actinobacteria,Actinomycetales,Micromonosporaceae,Unassigned,Unassigned,5.16666666666667,ASV_1744
ASV_582,Bacteria,Actinobacteria,Actinobacteria,Actinomycetales,Micromonosporaceae,Actinoplanes,Actinoplanes_rishiriensis,12.1666666666667,ASV_582
ASV_1209,Bacteria,Firmicutes,Bacilli,Bacillales,Thermoactinomycetaceae_1,Shimazuella,Shimazuella_kribbensis,6.83333333333333,ASV_1209
ASV_518,Bacteria,Chlamydiae,Chlamydiia,Chlamydiales,Chlamydiaceae,Chlamydophila,Unassigned,12.3333333333333,ASV_518
ASV_14,Bacteria,Proteobacteria,Betaproteobacteria,Burkholderiales,Unassigned,Unassigned,Unassigned,405,ASV_14
ASV_124,Bacteria,Proteobacteria,Unassigned,Unassigned,Unassigned,Unassigned,Unassigned,50.3333333333333,ASV_124
ASV_610,Bacteria,Actinobacteria,Actinobacteria,Actinomycetales,Pseudonocardiaceae,Unassigned,Unassigned,18.6666666666667,ASV_610
ASV_501,Bacteria,Proteobacteria,Gammaproteobacteria,Xanthomonadales,Xanthomonadaceae,Lysobacter,Lysobacter_brunescens,11.5,ASV_501
ASV_856,Bacteria,Proteobacteria,Alphaproteobacteria,Sphingomonadales,Erythrobacteraceae,Unassigned,Unassigned,5,ASV_856
ASV_624,Bacteria,Proteobacteria,Alphaproteobacteria,Rhizobiales,Unassigned,Unassigned,Unassigned,6.5,ASV_624
ASV_463,Bacteria,Proteobacteria,Deltaproteobacteria,Desulfuromonadales,Geobacteraceae,Geobacter,Unassigned,12.5,ASV_463
ASV_199,Bacteria,Proteobacteria,Alphaproteobacteria,Caulobacterales,Caulobacteraceae,Phenylobacterium,Unassigned,29.6666666666667,ASV_199
ASV_877,Bacteria,Proteobacteria,Betaproteobacteria,Burkholderiales,Oxalobacteraceae,Unassigned,Unassigned,7.16666666666667,ASV_877
ASV_396,Bacteria,Actinobacteria,Actinobacteria,Actinomycetales,Micromonosporaceae,Catellatospora,Unassigned,17.5,ASV_396
ASV_154,Bacteria,Actinobacteria,Actinobacteria,Actinomycetales,Pseudonocardiaceae,Lentzea,Unassigned,40.3333333333333,ASV_154
ASV_374,Bacteria,Proteobacteria,Unassigned,Unassigned,Unassigned,Unassigned,Unassigned,14.3333333333333,ASV_374
ASV_217,Bacteria,Proteobacteria,Gammaproteobacteria,Pseudomonadales,Pseudomonadaceae,Cellvibrio,Unassigned,22.3333333333333,ASV_217
ASV_651,Bacteria,Actinobacteria,Actinobacteria,Actinomycetales,Micromonosporaceae,Unassigned,Unassigned,6.16666666666667,ASV_651
ASV_1511,Bacteria,Actinobacteria,Actinobacteria,Unassigned,Unassigned,Unassigned,Unassigned,4.5,ASV_1511
ASV_62,Bacteria,Proteobacteria,Alphaproteobacteria,Rhizobiales,Rhizobiaceae,Ensifer,Ensifer_americanus,98.3333333333333,ASV_62
ASV_753,Bacteria,Actinobacteria,Actinobacteria,Actinomycetales,Micromonosporaceae,Unassigned,Unassigned,6.33333333333333,ASV_753
ASV_174,Bacteria,Actinobacteria,Actinobacteria,Actinomycetales,Streptomycetaceae,Streptomyces,Unassigned,68.8333333333333,ASV_174
ASV_489,Bacteria,Proteobacteria,Alphaproteobacteria,Unassigned,Unassigned,Unassigned,Unassigned,10.5,ASV_489
ASV_443,Bacteria,Actinobacteria,Actinobacteria,Actinomycetales,Streptomycetaceae,Streptomyces,Unassigned,20.1666666666667,ASV_443
ASV_618,Bacteria,Proteobacteria,Gammaproteobacteria,Unassigned,Unassigned,Unassigned,Unassigned,11,ASV_618
ASV_829,Bacteria,Firmicutes,Bacilli,Bacillales,Paenibacillaceae_1,Paenibacillus,Unassigned,5.66666666666667,ASV_829
ASV_163,Bacteria,Actinobacteria,Actinobacteria,Actinomycetales,Unassigned,Unassigned,Unassigned,37.8333333333333,ASV_163
ASV_1761,Bacteria,Proteobacteria,Alphaproteobacteria,Unassigned,Unassigned,Unassigned,Unassigned,5.5,ASV_1761
ASV_943,Bacteria,Chloroflexi,Unassigned,Unassigned,Unassigned,Unassigned,Unassigned,5.83333333333333,ASV_943
ASV_398,Bacteria,Proteobacteria,Gammaproteobacteria,Unassigned,Unassigned,Unassigned,Unassigned,10,ASV_398
ASV_38,Bacteria,Proteobacteria,Betaproteobacteria,Burkholderiales,Oxalobacteraceae,Pseudoduganella,Pseudoduganella_violaceinigra,212.333333333333,ASV_38
ASV_1217,Bacteria,Bacteroidetes,Flavobacteriia,Flavobacteriales,Flavobacteriaceae,Flavobacterium,Unassigned,4.83333333333333,ASV_1217
ASV_630,Bacteria,Proteobacteria,Unassigned,Unassigned,Unassigned,Unassigned,Unassigned,10.8333333333333,ASV_630
ASV_841,Bacteria,Proteobacteria,Gammaproteobacteria,Xanthomonadales,Xanthomonadaceae,Unassigned,Unassigned,7.66666666666667,ASV_841
ASV_1048,Bacteria,Actinobacteria,Actinobacteria,Actinomycetales,Microbacteriaceae,Agromyces,Agromyces_indicus,5.83333333333333,ASV_1048
ASV_808,Bacteria,Actinobacteria,Actinobacteria,Actinomycetales,Streptomycetaceae,Streptomyces,Unassigned,4.66666666666667,ASV_808
ASV_456,Bacteria,Proteobacteria,Alphaproteobacteria,Rhizobiales,Bradyrhizobiaceae,Bradyrhizobium,Bradyrhizobium_daqingense,9.83333333333333,ASV_456
ASV_158,Bacteria,Actinobacteria,Actinobacteria,Actinomycetales,Micromonosporaceae,Unassigned,Unassigned,37.6666666666667,ASV_158
ASV_73,Bacteria,Proteobacteria,Betaproteobacteria,Burkholderiales,Oxalobacteraceae,Unassigned,Unassigned,60.6666666666667,ASV_73
ASV_230,Bacteria,Bacteroidetes,Sphingobacteriia,Sphingobacteriales,Sphingobacteriaceae,Unassigned,Unassigned,31.1666666666667,ASV_230
ASV_212,Bacteria,Proteobacteria,Betaproteobacteria,Burkholderiales,Burkholderiales_incertae_sedis,Unassigned,Unassigned,27.1666666666667,ASV_212
ASV_389,Bacteria,Proteobacteria,Alphaproteobacteria,Rhizobiales,Phyllobacteriaceae,Mesorhizobium,Unassigned,8.5,ASV_389
ASV_295,Bacteria,Proteobacteria,Alphaproteobacteria,Rhizobiales,Rhodobiaceae,Methyloceanibacter,Methyloceanibacter_caenitepidi,17,ASV_295
ASV_498,Bacteria,Proteobacteria,Alphaproteobacteria,Rhizobiales,Unassigned,Unassigned,Unassigned,7.16666666666667,ASV_498
ASV_108,Bacteria,Proteobacteria,Alphaproteobacteria,Rhizobiales,Rhizobiaceae,Ensifer,Unassigned,45.5,ASV_108
ASV_71,Bacteria,Proteobacteria,Alphaproteobacteria,Sphingomonadales,Sphingomonadaceae,Sphingopyxis,Sphingopyxis_soli,81.6666666666667,ASV_71
ASV_460,Bacteria,Proteobacteria,Alphaproteobacteria,Sphingomonadales,Sphingomonadaceae,Sphingomonas,Unassigned,11.1666666666667,ASV_460
ASV_372,Bacteria,Actinobacteria,Actinobacteria,Actinomycetales,Micromonosporaceae,Micromonospora,Unassigned,14.1666666666667,ASV_372
ASV_555,Bacteria,Proteobacteria,Deltaproteobacteria,Myxococcales,Polyangiaceae,Unassigned,Unassigned,15.5,ASV_555
ASV_335,Bacteria,Proteobacteria,Alphaproteobacteria,Rhizobiales,Hyphomicrobiaceae,Unassigned,Unassigned,13.3333333333333,ASV_335
ASV_482,Bacteria,Proteobacteria,Unassigned,Unassigned,Unassigned,Unassigned,Unassigned,12,ASV_482
ASV_454,Bacteria,Actinobacteria,Actinobacteria,Actinomycetales,Micromonosporaceae,Unassigned,Unassigned,6,ASV_454
ASV_301,Bacteria,Proteobacteria,Alphaproteobacteria,Sphingomonadales,Sphingomonadaceae,Sphingomonas,Unassigned,16,ASV_301
ASV_567,Bacteria,Spirochaetes,Spirochaetia,Spirochaetales,Spirochaetaceae,Spirochaeta,Unassigned,9.66666666666667,ASV_567
