"","source","target","value","energy_type"
"1",3,9,3.90835435382884,"p_Actinobacteria"
"2",1,10,1.9469942988579,"p_Proteobacteria"
"3",4,11,0.188885087771548,"p_Firmicutes"
"4",1,7,2.24579129440465,"p_Proteobacteria"
"5",5,12,0.154646629745162,"p_Chloroflexi"
"6",1,13,0.0466963955967309,"p_Proteobacteria"
"7",2,8,0.833467328712051,"p_Bacteroidetes"
"8",1,6,2.16422739059269,"p_Proteobacteria"
"9",2,14,0.040077825835403,"p_Bacteroidetes"
"10",22,41,0.188885087771548,"o_Bacillales"
"11",19,34,0.54789165918709,"o_Rhizobiales"
"12",16,48,0.187189509947624,"o_Burkholderiales"
"13",24,47,0.119674663459867,"o_Caulobacterales"
"14",27,52,0.040077825835403,"o_Sphingobacteriales"
"15",16,29,1.57852668628231,"o_Burkholderiales"
"16",21,54,0.0286120915255379,"o_Sphingomonadales"
"17",17,30,0.833467328712051,"o_Flavobacteriales"
"18",23,44,0.154646629745162,"o_Herpetosiphonales"
"19",19,42,0.199384267637108,"o_Rhizobiales"
"20",18,45,0.131482957945382,"o_Actinomycetales"
"21",18,43,0.157460848088332,"o_Actinomycetales"
"22",18,33,0.607758642398306,"o_Actinomycetales"
"23",18,38,0.452821634235895,"o_Actinomycetales"
"24",16,36,0.480075098174719,"o_Burkholderiales"
"25",19,51,0.0766978127833045,"o_Rhizobiales"
"26",15,28,1.43367423592403,"o_Pseudomonadales"
"27",18,32,1.55591397547012,"o_Actinomycetales"
"28",19,37,0.570450987134152,"o_Rhizobiales"
"29",25,49,0.068553796482851,"o_Rhodospirillales"
"30",26,50,0.0466963955967309,"o_Myxococcales"
"31",20,35,0.482828786812782,"o_Xanthomonadales"
"32",21,40,0.306009416725768,"o_Sphingomonadales"
"33",18,31,0.804664050397205,"o_Actinomycetales"
"34",18,39,0.1982522452936,"o_Actinomycetales"
"35",25,53,0.0297196039222256,"o_Rhodospirillales"
"36",20,46,0.247724367855876,"o_Xanthomonadales"
"37",39,70,0.1982522452936,"f_Thermomonosporaceae"
"38",32,64,0.360357631776702,"f_Pseudonocardiaceae"
"39",33,60,0.514019817661822,"f_Micromonosporaceae"
"40",38,98,0.035105992355533,"f_Nocardioidaceae"
"41",43,77,0.157460848088332,"f_Microbacteriaceae"
"42",54,102,0.0286120915255379,"f_Erythrobacteraceae"
"43",32,65,0.350323683308257,"f_Pseudonocardiaceae"
"44",48,84,0.100782356855714,"f_Burkholderiales_incertae_sedis"
"45",41,72,0.188885087771548,"f_Bacillaceae_1"
"46",34,90,0.0518850907641411,"f_Bradyrhizobiaceae"
"47",34,61,0.496006568422949,"f_Bradyrhizobiaceae"
"48",33,89,0.054550602748224,"f_Micromonosporaceae"
"49",42,73,0.167042012781164,"f_Hyphomicrobiaceae"
"50",49,88,0.068553796482851,"f_Rhodospirillaceae"
"51",37,69,0.221646888099603,"f_Rhizobiaceae"
"52",30,57,0.833467328712051,"f_Flavobacteriaceae"
"53",44,78,0.154646629745162,"f_Herpetosiphonaceae"
"54",29,92,0.0457311221125777,"f_Comamonadaceae"
"55",42,99,0.0323422548559439,"f_Hyphomicrobiaceae"
"56",32,85,0.0959495937958683,"f_Pseudonocardiaceae"
"57",45,79,0.131482957945382,"f_Kineosporiaceae"
"58",29,68,0.232368624199608,"f_Comamonadaceae"
"59",38,76,0.157597135957431,"f_Nocardioidaceae"
"60",32,59,0.749283066589295,"f_Pseudonocardiaceae"
"61",46,80,0.127705503903735,"f_Xanthomonadaceae"
"62",36,101,0.0294541100826169,"f_Oxalobacteraceae"
"63",51,97,0.0361734804210355,"f_Phyllobacteriaceae"
"64",33,96,0.0391882219882601,"f_Micromonosporaceae"
"65",52,95,0.040077825835403,"f_Chitinophagaceae"
"66",38,67,0.260118505922931,"f_Nocardioidaceae"
"67",36,87,0.0733850736857213,"f_Oxalobacteraceae"
"68",29,56,1.06993118853815,"f_Comamonadaceae"
"69",47,82,0.119674663459867,"f_Caulobacteraceae"
"70",51,94,0.040524332362269,"f_Phyllobacteriaceae"
"71",48,86,0.0864071530919098,"f_Burkholderiales_incertae_sedis"
"72",29,93,0.0455127313379827,"f_Comamonadaceae"
"73",36,63,0.377235914406381,"f_Oxalobacteraceae"
"74",28,74,0.159254340744082,"f_Pseudomonadaceae"
"75",46,81,0.120018863952141,"f_Xanthomonadaceae"
"76",53,100,0.0297196039222256,"f_Unassigned"
"77",28,55,1.27441989517995,"f_Pseudomonadaceae"
"78",37,66,0.348804099034549,"f_Rhizobiaceae"
"79",29,103,0.0273715677491995,"f_Comamonadaceae"
"80",50,91,0.0466963955967309,"f_Sandaracinaceae"
"81",40,71,0.195393593908286,"f_Sphingomonadaceae"
"82",40,83,0.110615822817482,"f_Sphingomonadaceae"
"83",35,62,0.482828786812782,"f_Sinobacteraceae"
"84",31,58,0.804664050397205,"f_Streptomycetaceae"
"85",29,75,0.15761145234479,"f_Comamonadaceae"
"86",9,18,3.90835435382884,"c_Actinobacteria"
"87",11,22,0.188885087771548,"c_Bacilli"
"88",7,16,2.24579129440465,"c_Betaproteobacteria"
"89",10,24,0.119674663459867,"c_Alphaproteobacteria"
"90",8,17,0.833467328712051,"c_Flavobacteriia"
"91",12,23,0.154646629745162,"c_Chloroflexia"
"92",13,26,0.0466963955967309,"c_Deltaproteobacteria"
"93",6,15,1.43367423592403,"c_Gammaproteobacteria"
"94",10,19,1.39442472674165,"c_Alphaproteobacteria"
"95",10,25,0.0982734004050766,"c_Alphaproteobacteria"
"96",14,27,0.040077825835403,"c_Sphingobacteriia"
"97",10,21,0.334621508251306,"c_Alphaproteobacteria"
"98",6,20,0.730553154668658,"c_Gammaproteobacteria"
"99",0,3,3.90835435382884,"k_Bacteria"
"100",0,3,3.90835435382884,"k_Bacteria"
"101",0,2,0.873545154547454,"k_Bacteria"
"102",0,2,0.873545154547454,"k_Bacteria"
"103",0,5,0.154646629745162,"k_Bacteria"
"104",0,5,0.154646629745162,"k_Bacteria"
"105",0,4,0.188885087771548,"k_Bacteria"
"106",0,4,0.188885087771548,"k_Bacteria"
"107",0,1,6.40370937945198,"k_Bacteria"
"108",0,1,6.40370937945198,"k_Bacteria"
