"","sample1","sample10","sample11","sample12","sample13","sample14","sample15","sample16","sample17","sample18","sample2","sample3","sample4","sample5","sample6","sample7","sample8","sample9","Kingdom","Phylum","Class","Order"
"Acidimicrobiales",0.00157142713699029,0.00270291756101439,0.00158021679465499,0.00195417723750845,0.0013888823276534,0.00149003187536544,0.0015888321535798,0.00124966696692506,0.00145895874855959,0.00116029140433302,0.00126297340023369,0.00209739791571082,0.0020084871914506,0.0015674329178674,0.00185092848616714,0.00186871958314942,0.00182601577749593,0.00201565289029246,"Bacteria","Actinobacteria","Actinobacteria","Acidimicrobiales"
"Actinomycetales",0.0145495074856162,0.0154347600090505,0.0154694907266225,0.0220493882788547,0.0189341509157648,0.0123289135341418,0.0216081172886853,0.0148564468859822,0.0131009549997774,0.012506419645065,0.00880644717850024,0.018817591925018,0.0190761847630474,0.0139603657047454,0.0163826058051161,0.0238634344314449,0.0204414820411798,0.017871756144446,"Bacteria","Actinobacteria","Actinobacteria","Actinomycetales"
"Aeromonadales",5.52258738239399e-05,6.11519810184251e-05,6.46872372080988e-05,4.89768731205125e-06,0,1.88611629793093e-05,4.93085840766146e-05,6.34348714175156e-06,0,4.75529264070911e-05,1.71833115678053e-05,0.000347381529789605,2.66613343997867e-05,3.10822391645094e-05,3.7774050738105e-06,0,4.49757580664022e-06,5.49224220788137e-06,"Bacteria","Proteobacteria","Gammaproteobacteria","Aeromonadales"
"Alphaproteobacteria_incertae_sedis",0.00935325481218182,0.00865300531410715,0.00846940755731751,0.00867380422964276,0.00646255450418318,0.00684660216148928,0.00744011746400473,0.00755509318582611,0.00632050603613272,0.00748958590911685,0.00957110454326758,0.00545323458084814,0.0060254615743518,0.00706898924998557,0.00705997008295182,0.00932640110976721,0.00775831826645438,0.00858986681312646,"Bacteria","Proteobacteria","Alphaproteobacteria","Alphaproteobacteria_incertae_sedis"
"Alteromonadales",6.02464078079345e-05,0.000103958367731323,0.000203302745511168,8.81583716169225e-05,7.55854327974641e-05,2.51482173057457e-05,1.64361946922049e-05,1.90304614252547e-05,5.44018516412049e-05,9.03505601734731e-05,0.000176128943570005,0.000190076686111293,4.88791130662756e-05,0.000226456313912854,0.000105767342066694,2.86613432998378e-05,4.0478182259762e-05,3.84456954551696e-05,"Bacteria","Proteobacteria","Gammaproteobacteria","Alteromonadales"
"Anaerolineales",0.00224919922482955,0.0010640444697206,0.00292478722519475,0.00160644143835281,0.00388792569951956,0.00336986111896993,0.00561569985316999,0.00314636962230878,0.00227993214605413,0.00252981568485725,0.00236700116846519,0.00210395228419742,0.00356817525383812,0.00394300405401205,0.00402671380868199,0.000791053075075523,0.00184850365652913,0.000225181930523136,"Bacteria","Chloroflexi","Anaerolineae","Anaerolineales"
"Anaeroplasmatales",0,7.33823772221101e-05,0,0,9.44817909968301e-05,0,1.64361946922049e-05,3.17174357087578e-05,0,9.51058528141822e-06,0,0,0,1.33209596419326e-05,0,0,1.34927274199207e-05,3.84456954551696e-05,"Bacteria","Tenericutes","Mollicutes","Anaeroplasmatales"
"Armatimonadales",0.00048699179644747,0.000330220697499495,0.000559082550155711,0.000866890654233071,0.000779474775723849,0.000232621010078148,0.000613617935175648,0.000279113434237069,0.000247281143823659,0.00031860460692751,0.00025774967351708,0.000353935898276201,0.000115532449065742,0.000284180472361229,0.000982125319190729,0.000177700328458994,0.000661143643576112,0.00102155705066593,"Bacteria","Armatimonadetes","Armatimonadia","Armatimonadales"
"Bacillales",0.0217087889467924,0.0176851529105285,0.0207830852115735,0.0313696872336882,0.0147297112164058,0.00741243705086856,0.0137297012995551,0.00987680947970718,0.00879331747436931,0.0105852814182185,0.01006082892295,0.0168316182735793,0.0090159745828612,0.00900496871794644,0.00872202831542843,0.0221609506394346,0.0253123566397712,0.0201180832074694,"Bacteria","Firmicutes","Bacilli","Bacillales"
"Bacteroidales",0.00043176592262353,6.11519810184251e-05,2.31025847171782e-05,8.32606843048712e-05,0.000410995790836211,0.000100592869222983,0.000120532094409502,0.000399639689930349,0.000272009258206025,0.000175945827706237,0.000343666231356107,0.000380153372222586,0.000164411562132018,0.000208695034390277,7.55481014762099e-05,1.71968059799027e-05,9.89466677460849e-05,0.000186736235067966,"Bacteria","Bacteroidetes","Bacteroidia","Bacteroidales"
"Bdellovibrionales",0.000999086262814913,0.000739938970322944,0.000785487880384057,0.0015770553144805,0.00185656719308771,0.000943058148965465,0.00141899147509369,0.0010086144555385,0.000979233329541689,0.00132672664675784,0.00158945632002199,0.00115356885364095,0.000986469372792108,0.00102127357254817,0.000819696901016877,0.00104900516477406,0.00150668789522447,0.00147192091171221,"Bacteria","Proteobacteria","Deltaproteobacteria","Bdellovibrionales"
"Bifidobacteriales",0,0,0,4.89768731205125e-06,0,0,0,0,0,0,0,0,0,0,0,0,0,0,"Bacteria","Actinobacteria","Actinobacteria","Bifidobacteriales"
"Burkholderiales",0.0467361508570052,0.0432650265705358,0.04396421871679,0.062592443848015,0.0390068074130413,0.0335414348315384,0.0404549538690802,0.0479377323302166,0.0377548850389962,0.0365349133585681,0.0410251563681353,0.0455528609818444,0.0221066897731565,0.0270903915918103,0.0351789734523971,0.0730577640712865,0.0594624497395904,0.0632486612659618,"Bacteria","Proteobacteria","Betaproteobacteria","Burkholderiales"
"Caldilineales",0.00100410679679891,0.000305759905092125,0.000679215990685038,0.00047017798195692,0.000873956566720679,0.00113166977875856,0.000805373539918038,0.000957866558404486,0.000677550334076825,0.000874973845890476,0.00086775723417417,0.000675099954119421,0.000870936923726366,0.000723772140545005,0.000868803166976414,0.00047004603011734,0.000503728490343705,0.000137306055197034,"Bacteria","Chloroflexi","Caldilineae","Caldilineales"
"Campylobacterales",1.00410679679891e-05,0,0,0,4.72408954984151e-06,0,0,0,0,0,4.29582789195134e-05,5.24349478927705e-05,0,4.4403198806442e-06,1.13322152214315e-05,2.29290746398702e-05,3.14830306464815e-05,1.09844844157627e-05,"Bacteria","Proteobacteria","Epsilonproteobacteria","Campylobacterales"
"Candidatus_Brocadiales",0,0,4.62051694343563e-05,0,3.30686268488905e-05,2.51482173057457e-05,0,0,4.45106058882586e-05,4.75529264070911e-06,0,0,8.88711146659557e-06,4.4403198806442e-06,0,0,0,0,"Bacteria","Planctomycetes","Planctomycetia","Candidatus_Brocadiales"
"Caulobacterales",0.0063459549557691,0.00529576155619561,0.00402447025773243,0.0102410641694992,0.00798371133923215,0.00525597741690086,0.00737985141679998,0.00596287791324647,0.00443622372019644,0.00533068305023491,0.007062341054368,0.00591204037490988,0.00527450065542447,0.00499535986572473,0.00619872172612302,0.0110690107823973,0.00835649584873753,0.00528902924618976,"Bacteria","Proteobacteria","Alphaproteobacteria","Caulobacterales"
"Chlamydiales",0.00386581116767579,0.00314932702244889,0.0022039865820188,0.00437853245697382,0.00384068480402114,0.00199299622148035,0.00507330542832723,0.0022138770124713,0.00118200386747709,0.00283415441386263,0.00681318303663482,0.00268073671101789,0.0056210980026217,0.0036366219822476,0.0060816221688349,0.00360559698711959,0.00722760432127083,0.00526156803515035,"Bacteria","Chlamydiae","Chlamydiia","Chlamydiales"
"Chlorobiales",3.51437378879618e-05,0,1.84820677737425e-05,2.44884365602562e-05,8.50336118971471e-05,6.91575975908008e-05,6.57447787688194e-05,0.000107839281409777,0.000118694949035356,0,0,6.55436848659632e-05,3.55484458663823e-05,3.55225590451536e-05,0,0,0,0,"Bacteria","Chlorobi","Chlorobia","Chlorobiales"
"Chloroflexales",0,6.11519810184251e-06,7.85487880384057e-05,0,3.77927163987321e-05,5.02964346114915e-05,4.93085840766146e-05,1.90304614252547e-05,9.89124575294635e-06,1.42658779221273e-05,0.00022338305038147,0,5.77662245328712e-05,1.77612795225768e-05,6.04384811809679e-05,0,0,0,"Bacteria","Chloroflexi","Chloroflexia","Chloroflexales"
"Chromatiales",0.00712915825727224,0.00232377527870015,0.00158021679465499,0.00437853245697382,0.00592400829550125,0.00479073539674456,0.00455830466130481,0.00476395884345542,0.00292286311999565,0.00463165503205067,0.0078742525259468,0.00648882480173035,0.00588771134661956,0.00567916912734393,0.00607406735868728,0.0038520845394982,0.00325174730820088,0.00356446519291501,"Bacteria","Proteobacteria","Gammaproteobacteria","Chromatiales"
"Chthonomonadales",0.00116476388428673,0.00266011117430149,0.00523504569691257,0.00129298945038153,0.00101095516366608,0.00154661536430336,0.00123819333347943,0.00168736757970592,0.00104352642693584,0.0010937173073631,0.00237129699635714,0.00127810185488628,0.000608767135461796,0.000981310693622369,0.00233443633561489,0.000252219821038572,0.000431767277437461,0.000450363861046272,"Bacteria","Armatimonadetes","Chthonomonadetes","Chthonomonadales"
"Clostridiales",0.000647648883935295,0.000507561442452928,0.000489774796004177,0.000357531173779741,0.000703889342926385,0.000534399617747097,0.000580745545791238,0.000577257329899392,0.000509399156276737,0.000461263386148784,0.000665853323252457,0.000458805794061742,0.000573218689595414,0.000368546550093469,0.000336189051569134,0.00081971441837536,0.000760090311322197,0.00137855279417822,"Bacteria","Firmicutes","Clostridia","Clostridiales"
"Coriobacteriales",0,0,0,1.46930619361537e-05,4.72408954984151e-06,3.77223259586186e-05,3.8351120948478e-05,1.26869742835031e-05,1.97824915058927e-05,3.80423411256729e-05,0,0,8.88711146659557e-06,4.4403198806442e-06,0,0,0,0,"Bacteria","Actinobacteria","Actinobacteria","Coriobacteriales"
"Cytophagales",0.00820857306383107,0.00957028502938353,0.0122813340356519,0.0121707529704474,0.00913638918939347,0.00624304494615138,0.00596633867327036,0.00600728232323873,0.00622653920147973,0.00881631255587469,0.00602275070451577,0.00703283738611785,0.00890488568952876,0.00825899497799822,0.0105880664218908,0.00576093000326739,0.00840147160680393,0.00833173142935604,"Bacteria","Bacteroidetes","Cytophagia","Cytophagales"
"Deferribacterales",0,0,0,0,0,0,5.47873156406829e-06,0,0,0,1.2887483675854e-05,0,0,0,0,0,0,0,"Bacteria","Deferribacteres","Deferribacteres","Deferribacterales"
"Deinococcales",7.02874757759235e-05,0,0,2.93861238723075e-05,4.72408954984151e-05,5.02964346114915e-05,2.73936578203414e-05,1.90304614252547e-05,7.41843431470977e-05,4.2797633766382e-05,6.44374183792701e-05,0.00012453300124533,0.000168855117865316,2.2201599403221e-05,0,0,8.99515161328044e-05,1.09844844157627e-05,"Bacteria","Deinococcus-Thermus","Deinococci","Deinococcales"
"Deltaproteobacteria_incertae_sedis",1.50616019519836e-05,0,0,2.44884365602562e-05,0,0,0,0,0,0,0,0,4.44355573329778e-06,0,0,8.59840298995133e-05,0,0,"Bacteria","Proteobacteria","Deltaproteobacteria","Deltaproteobacteria_incertae_sedis"
"Desulfobacterales",0.000120492815615869,7.33823772221101e-05,0.000194061711624297,5.8772247744615e-05,9.44817909968301e-05,0.000238908064404585,0.000169840678486117,0.000190304614252547,5.44018516412049e-05,8.08399748920549e-05,0.000115987353082686,5.89893163793669e-05,3.55484458663823e-05,7.10451180903072e-05,2.2664430442863e-05,4.01258806197729e-05,6.74636370996033e-05,0.000153782781820678,"Bacteria","Proteobacteria","Deltaproteobacteria","Desulfobacterales"
"Desulfovibrionales",0.000251026699199727,0.00014676475444422,0.000124753957472762,0.00027427048947487,0.000670820716077494,0.00206844087339759,0.000471170914509873,0.00216312911533728,0.000603365990929728,0.000466018678789493,0.000455357756546842,0.000353935898276201,0.00027994401119776,0.000253098233196719,6.04384811809679e-05,0.000160503522479092,0.000157415153232408,0,"Bacteria","Proteobacteria","Deltaproteobacteria","Desulfovibrionales"
"Desulfuromonadales",0.00264582140956512,0.00109462046022981,0.0016726271335237,0.00347246030424434,0.0169736537525805,0.0382001420874278,0.00513357147553198,0.0287740576749851,0.0137389403508425,0.0224592471420691,0.00829953948724998,0.00473880841580914,0.00407918416316737,0.00339240438881217,0.000774368040131152,0.00745194925795782,0.0040927939840426,0.00182342441301661,"Bacteria","Proteobacteria","Deltaproteobacteria","Desulfuromonadales"
"Enterobacteriales",0.0019329055838379,0.00241550325022779,0.00438949109626385,0.00227742460010383,0.000510201671382883,4.4009380285055e-05,0.000410904867305122,0.00028545692137882,6.42930973941513e-05,0.000237764632035455,0.000665853323252457,0.000511240741954513,0.000177742229331911,0.000270859512719296,0.000479730444373933,0.0015018543889115,0.00127281395327918,0.0044816696416312,"Bacteria","Proteobacteria","Gammaproteobacteria","Enterobacteriales"
"Erysipelotrichales",1.00410679679891e-05,3.05759905092125e-05,4.62051694343563e-06,0,4.72408954984151e-05,1.25741086528729e-05,1.64361946922049e-05,1.26869742835031e-05,0,0,4.29582789195134e-06,0,2.22177786664889e-05,8.8806397612884e-06,0,0,4.49757580664022e-06,5.49224220788137e-06,"Bacteria","Firmicutes","Erysipelotrichia","Erysipelotrichales"
"Fibrobacterales",0,6.11519810184251e-05,0,3.42838111843587e-05,3.77927163987321e-05,0,0,0,3.46193601353122e-05,1.42658779221273e-05,0,0,8.88711146659557e-06,6.21644783290188e-05,0.000200202468911956,0,0,5.49224220788137e-06,"Bacteria","Fibrobacteres","Fibrobacteria","Fibrobacterales"
"Fimbriimonadales",0.000175718689439809,0.000299644706990283,9.24103388687126e-06,9.30560589289737e-05,0.000330686268488905,6.28705432643643e-05,0.000142447020665775,0.000133213229976783,0.000153314309170668,0.000223498754113328,0.000176128943570005,0,4.44355573329778e-05,9.32467174935282e-05,0,0.000475778298777307,0.000233873941945291,8.78758753261019e-05,"Bacteria","Armatimonadetes","Fimbriimonadia","Fimbriimonadales"
"Flavobacteriales",0.00104427106867086,0.000703247781711889,0.00187130936209143,0.0027622956439969,0.00120464283520958,0.00118196621337005,0.000788937345225833,0.00177617639969044,0.000647876596817986,0.00163106537576322,0.000459653584438793,0.00117978632758734,0.000431024906129885,0.00156299259798676,0.000351298671864376,0.000733730388475847,0.00286045821302318,0.000291088837017712,"Bacteria","Bacteroidetes","Flavobacteriia","Flavobacteriales"
"Fusobacteriales",2.00821359359782e-05,6.72671791202676e-05,4.15846524909207e-05,2.93861238723075e-05,0,8.17317062436737e-05,8.76597050250926e-05,5.07478971340125e-05,5.93474745176781e-05,0,5.1549934703416e-05,4.58805794061742e-05,8.44275589326579e-05,4.4403198806442e-05,4.15514558119154e-05,5.1590417939708e-05,4.0478182259762e-05,6.59069064945764e-05,"Bacteria","Fusobacteria","Fusobacteriia","Fusobacteriales"
"Gaiellales",0.010146499181653,0.0159178606590961,0.00949978283570366,0.014908560177884,0.0106622701139923,0.00947459086993971,0.0120696456356424,0.0106824323467096,0.010880370328241,0.00903505601734731,0.0075649529177263,0.01428852330078,0.0127352307316315,0.00952892646386246,0.0169492165661877,0.0286670755684977,0.0245207832978025,0.0248469037484553,"Bacteria","Actinobacteria","Actinobacteria","Gaiellales"
"Gallionellales",0,6.11519810184251e-06,0,0,0,0,5.47873156406829e-06,0,4.94562287647318e-06,0,0,3.27718424329816e-05,4.44355573329778e-06,0,3.7774050738105e-06,0,4.49757580664022e-06,0,"Bacteria","Proteobacteria","Betaproteobacteria","Gallionellales"
"Gammaproteobacteria_incertae_sedis",0.000246006165215732,0.000214031933564488,0.000739282710949701,0.000215498241730255,0.00053382211913209,0.000641279541296516,0.00100808660778856,0.000482105022773119,0.000657767842570933,0.00042797633766382,0.00126297340023369,0.000367044635249394,7.55404474660623e-05,0.000199814394628989,0,5.73226865996756e-06,0.000107941819359365,0,"Bacteria","Proteobacteria","Gammaproteobacteria","Gammaproteobacteria_incertae_sedis"
"Gemmatimonadales",0.0246257191914932,0.0286497031071322,0.0303290732167115,0.0217065501670111,0.0204553077508137,0.0284300596641456,0.0195700291468519,0.0112025982923333,0.0297973778307509,0.0280086736537767,0.0376830022681971,0.0341154879727338,0.0323890777400076,0.029852270557571,0.021448106009096,0.0261907355073918,0.0195824450621115,0.0218261705341206,"Bacteria","Gemmatimonadetes","Gemmatimonadetes","Gemmatimonadales"
"Halanaerobiales",4.51848058559508e-05,0,0,0,2.8344537299049e-05,1.25741086528729e-05,2.73936578203414e-05,5.07478971340125e-05,4.94562287647318e-06,1.90211705628364e-05,0.000176128943570005,1.31087369731926e-05,6.66533359994668e-05,0.000146530556061259,3.39966456642945e-05,0,3.14830306464815e-05,0,"Bacteria","Firmicutes","Clostridia","Halanaerobiales"
"Herpetosiphonales",0,0.000189571141157118,4.15846524909207e-05,7.836299699282e-05,1.41722686495245e-05,0.000113166977875856,0.000126010825973571,3.17174357087578e-05,3.95649830117854e-05,3.80423411256729e-05,0.000309299608220496,1.31087369731926e-05,2.66613343997867e-05,8.43660777322398e-05,0,0,0.000184400608072249,0,"Bacteria","Chloroflexi","Chloroflexia","Herpetosiphonales"
"Holophagales",0.00106435320460684,0.00026906871648107,0.000235646364115217,0.000739550784119739,0.00120936692475943,0.00143973544075394,0.000849203392430584,0.000983240506971492,0.000400595452994327,0.000689517432902821,0.000880644717850024,0.00081929606082454,0.000359928014397121,0.000595002864006323,0.000562833355997764,0.00121524095591312,0.000548704248410107,0.000296581079225594,"Bacteria","Acidobacteria","Holophagae","Holophagales"
"Hydrogenophilales",9.03696117119017e-05,3.05759905092125e-05,8.7789821925277e-05,0.00027427048947487,0.00162508680514548,0.00406143709487794,0.000662926519252263,0.00534755966049657,0.00127597070213008,0.000513571605196584,0.000249158017733178,0.000157304843678312,0.000573218689595414,0.00103015421230945,1.13322152214315e-05,4.58581492797404e-05,4.49757580664022e-05,0.000104352601949746,"Bacteria","Proteobacteria","Betaproteobacteria","Hydrogenophilales"
"Ignavibacteriales",0,0.00019568633925896,0.00014785654218994,0,3.30686268488905e-05,5.65834889379279e-05,0.000262979115075278,3.80609228505094e-05,0,0.000118882316017728,0,9.17611588123484e-05,2.22177786664889e-05,4.88435186870862e-05,0,0,0,0,"Bacteria","Ignavibacteriae","Ignavibacteria","Ignavibacteriales"
"Ktedonobacterales",0.000868552379231055,0.00111296605453534,0.000586805651816325,0.000504461793141279,0.000444064417685102,0.00113795683308499,0.000471170914509873,0.000279113434237069,0.000415432321623747,0.000209232876191201,0.000730290741631727,0.000216294160057678,0.00149303472638806,0.00030638207176445,0.000921686838009761,0.000922895254254776,0.00122334061940614,0.00143347521625704,"Bacteria","Chloroflexi","Ktedonobacteria","Ktedonobacterales"
"Lactobacillales",8.03285437439126e-05,6.11519810184251e-06,0.00010627188969902,4.40791858084612e-05,4.72408954984151e-06,1.88611629793093e-05,6.57447787688194e-05,1.90304614252547e-05,2.47281143823659e-05,1.90211705628364e-05,1.71833115678053e-05,7.86524218391558e-05,6.2209780266169e-05,7.10451180903072e-05,0.000143541392804799,9.74485672194484e-05,0.000112439395166006,2.74612110394068e-05,"Bacteria","Firmicutes","Bacilli","Lactobacillales"
"Legionellales",0.0101967045214929,0.0073504681184147,0.00690305231349283,0.00830157999392687,0.0100245180247637,0.00726783480136052,0.0082235760776665,0.00585503863183669,0.00588529122300308,0.0100574439350998,0.00831672279881779,0.0100937274693583,0.00715856828634273,0.0103015421230945,0.00935285496275479,0.00531954531644989,0.00924701585845229,0.00896333928326239,"Bacteria","Proteobacteria","Gammaproteobacteria","Legionellales"
"Methanomassiliicoccales",2.00821359359782e-05,0,6.00667202646632e-05,4.40791858084612e-05,6.14131641479396e-05,0,0,6.34348714175156e-06,2.47281143823659e-05,1.42658779221273e-05,0,0,3.11048901330845e-05,1.33209596419326e-05,0,0.000126109910519286,4.49757580664022e-06,0,"Archaea","Euryarchaeota","Thermoplasmata","Methanomassiliicoccales"
"Methylophilales",0.000160657087487825,0.000287414310786598,9.70308558121483e-05,0.000220395929042306,0.000349582626688272,0.000358362096606877,0.000367075014792575,0.000298143895662324,0.000252226766700132,0.000209232876191201,0,0.000294946581896834,0.000519896020795841,0.000483994866990218,3.7774050738105e-06,0.000406991074857696,0.00019339575968553,9.88603597418646e-05,"Bacteria","Proteobacteria","Betaproteobacteria","Methylophilales"
"Myxococcales",0.0207548874898334,0.0175689641465935,0.0146054540582,0.0183663274201922,0.0208474071834506,0.0227277013900677,0.0187043895597291,0.0196711536265716,0.0204006943654519,0.021888612025184,0.0271539281050244,0.0247034148259815,0.0239685396254083,0.0245150060610366,0.0231781575329012,0.0238634344314449,0.0167714601829614,0.0231552931484278,"Bacteria","Proteobacteria","Deltaproteobacteria","Myxococcales"
"Neisseriales",0.00553262845036198,0.0092217187375785,0.0136443865339654,0.0201343925398427,0.00295728005820078,0.00285432266420214,0.00287633407113585,0.00431991474353281,0.00406035638158448,0.00338576836018489,0.00392638669324352,0.00343448908697647,0.00233286675998134,0.00345900918702183,0.0021229016514815,0.0156605579790314,0.015813476536147,0.00791432102155705,"Bacteria","Proteobacteria","Betaproteobacteria","Neisseriales"
"Nitrosomonadales",0.0019278850498539,0.00214643453374672,0.0014647038710691,0.00161133912566486,0.00179042993938993,0.00193641273254242,0.00137516162258114,0.00219484655104604,0.00317014426381931,0.00227778517489966,0.000880644717850024,0.00161892901618929,0.00150192183785465,0.00181165051130283,0.0015109620295242,0.000831178955695295,0.00172706910974984,0.00260332280653577,"Bacteria","Proteobacteria","Betaproteobacteria","Nitrosomonadales"
"Nitrosopumilales",0.00164673514675021,0.000483100650045558,0.000494395312947613,0.000573029415509996,0.00189908399903629,0.00143344838642751,0.000914948171199404,0.00146534552974461,0.00167656615512441,0.00120784433074011,0.00221664719224689,0.00099626400996264,0.00208402763891666,0.00190045690891572,0.00243264886753396,0.000619085015276496,0.000467747883890583,4.94301798709323e-05,"Archaea","Thaumarchaeota","Unassigned","Nitrosopumilales"
"Nitrososphaerales",0.00947374762779769,0.0146458994539128,0.00276768964911794,0.0113528391893348,0.0101426202635097,0.0233689809313642,0.0110286866384695,0.0125093566435341,0.0118546580349062,0.0123447396952808,0.0126512131417967,0.00892704987874418,0.0154369126174765,0.0167622075494319,0.0121216928818579,0.0108110586926988,0.0177924098910687,0.0165591102567623,"Archaea","Thaumarchaeota","Unassigned","Nitrososphaerales"
"Nitrospirales",0.00637607815967306,0.00756450005197918,0.00602515409424006,0.00641597037878714,0.0052012225943755,0.00572750649138359,0.00385154828954001,0.00537293360906357,0.00649360283680928,0.00711391779050083,0.00480703141109355,0.00806187323851347,0.00754515763513964,0.00625641071182768,0.00929619388664763,0.00893087457222945,0.00952586555846399,0.0142303995606206,"Bacteria","Nitrospirae","Nitrospira","Nitrospirales"
"Oceanospirillales",3.51437378879618e-05,3.05759905092125e-05,7.85487880384057e-05,9.30560589289737e-05,4.72408954984151e-06,1.25741086528729e-05,2.19149262562731e-05,0,4.45106058882586e-05,0,0.000103099869406832,0.000117978632758734,7.10968917327646e-05,6.6604798209663e-05,0,0.000269416627018475,0.000310332730658175,0.000302073321433475,"Bacteria","Proteobacteria","Gammaproteobacteria","Oceanospirillales"
"Oligoflexales",0,0,0,0,0,0,0,0,4.45106058882586e-05,0,9.88040415148808e-05,0,1.33306671998934e-05,1.77612795225768e-05,0,0,0,0,"Bacteria","Proteobacteria","Oligoflexia","Oligoflexales"
"Opitutales",0.00324828548764447,0.00445186421814135,0.00331753116538678,0.00430506714729305,0.00296200414775062,0.00290461909881363,0.00261335495606057,0.00447215843493485,0.00480714543593193,0.00347136362771765,0.00423998212935597,0.00251032313036639,0.00235064098291453,0.00289064824229938,0.00397760754272245,0.00443104367415492,0.00482140126471832,0.00389949196759577,"Bacteria","Verrucomicrobia","Opitutae","Opitutales"
"Pasteurellales",3.01232039039672e-05,0,0,0,0,0,0,0,0,0,1.71833115678053e-05,2.62174739463853e-05,1.33306671998934e-05,1.77612795225768e-05,4.91062659595364e-05,2.86613432998378e-05,1.79903032265609e-05,5.49224220788137e-06,"Bacteria","Proteobacteria","Gammaproteobacteria","Pasteurellales"
"Planctomycetales",0.0327087789057244,0.0380793385801733,0.0457893229094471,0.0365269519732782,0.0308341324918155,0.0327555530407338,0.038027875786198,0.0294210933634438,0.0279773886122088,0.0291023909611397,0.0298173413980342,0.0212230451595989,0.0289231042680353,0.0307403345336998,0.037135669280631,0.0219259276243759,0.0316539385271339,0.0216888644789235,"Bacteria","Planctomycetes","Planctomycetia","Planctomycetales"
"Pseudomonadales",0.00343906577903626,0.00843285818244082,0.035892175616608,0.0151534445434866,0.00581535423585489,0.00225705250319068,0.00598277486796257,0.00399639689930349,0.00253710453563074,0.00432731630304529,0.00201044745343323,0.0112210788490529,0.00719411673220911,0.0122375215910554,0.00132964658598129,0.00791053075075523,0.00688578855996618,0.0089303858300151,"Bacteria","Proteobacteria","Gammaproteobacteria","Pseudomonadales"
"Puniceicoccales",5.02053398399454e-06,0,0,1.46930619361537e-05,0,3.14352716321822e-05,5.47873156406829e-06,5.70913842757641e-05,6.42930973941513e-05,6.65740969699275e-05,1.2887483675854e-05,0,1.33306671998934e-05,1.77612795225768e-05,0,0,7.64587887128838e-05,1.64767266236441e-05,"Bacteria","Verrucomicrobia","Opitutae","Puniceicoccales"
"Rhizobiales",0.0594180197005754,0.0640995065035132,0.0758134420078918,0.0587820431192391,0.0650223685640185,0.0562314138956475,0.0636792969691657,0.0542748759848264,0.0579429176207597,0.0675156449127879,0.0437401195958485,0.0695615127482467,0.0562243106934169,0.0644068398687441,0.0643254310019189,0.0383947354844627,0.0383958046612876,0.0501936015378278,"Bacteria","Proteobacteria","Alphaproteobacteria","Rhizobiales"
"Rhodobacterales",0.000256047233183721,0.00139426516722009,0.00198682228567732,0.0011656495802682,0.000793647044373373,0.000414945585544805,0.00073415002958515,0.000596287791324647,0.000459942927512005,0.000699028018184239,0.000184720599353907,0.000563675689847283,0.000484347574929459,0.000266419192838652,0.000241753924723872,0.000911430716934841,0.000512723641956985,0.000664561307153645,"Bacteria","Proteobacteria","Alphaproteobacteria","Rhodobacterales"
"Rhodocyclales",0.003675030876284,0.00434179065230818,0.00448190143513256,0.0056960103439156,0.00839470713006836,0.0136491949426935,0.0042843680831014,0.0155542304715748,0.0105539592183938,0.0133576170277519,0.00359131211767132,0.00467981909942977,0.00587438067941967,0.00684697325595336,0.00213801127177674,0.00484376701767258,0.00445709762438046,0.00230674172731017,"Bacteria","Proteobacteria","Betaproteobacteria","Rhodocyclales"
"Rhodospirillales",0.041334056290227,0.031646150177035,0.0276306913217451,0.0317517068440282,0.0352086394149687,0.0308442885254972,0.0368061186474107,0.0318062445287423,0.0304897650334571,0.0353128031499058,0.0425845418929136,0.0568525922527365,0.0554866804416894,0.0509881931894374,0.0443807322121995,0.0384176645591026,0.0305430373028937,0.0269504325140739,"Bacteria","Proteobacteria","Alphaproteobacteria","Rhodospirillales"
"Rickettsiales",5.52258738239399e-05,3.05759905092125e-05,0,4.89768731205125e-05,2.8344537299049e-05,2.51482173057457e-05,6.57447787688194e-05,1.90304614252547e-05,1.48368686294195e-05,3.80423411256729e-05,4.72541068114647e-05,0,2.66613343997867e-05,1.77612795225768e-05,2.2664430442863e-05,0,0,2.19689688315255e-05,"Bacteria","Proteobacteria","Alphaproteobacteria","Rickettsiales"
"Rubrobacterales",0,6.11519810184251e-06,1.84820677737425e-05,9.7953746241025e-06,0,0,0,0,0,0,7.30290741631727e-05,6.55436848659632e-06,0,8.8806397612884e-06,0,5.1590417939708e-05,8.99515161328044e-06,1.64767266236441e-05,"Bacteria","Actinobacteria","Actinobacteria","Rubrobacterales"
"Selenomonadales",2.00821359359782e-05,6.11519810184251e-06,3.23436186040494e-05,9.7953746241025e-06,4.72408954984151e-06,0.000119454032202292,1.09574631281366e-05,9.51523071262735e-05,4.45106058882586e-05,2.85317558442547e-05,1.2887483675854e-05,0,1.77742229331911e-05,2.66419192838652e-05,3.7774050738105e-06,5.73226865996756e-06,4.94733338730424e-05,5.49224220788137e-06,"Bacteria","Firmicutes","Negativicutes","Selenomonadales"
"Sneathiellales",4.51848058559508e-05,0.00012230396203685,6.93077541515345e-05,7.34653096807687e-05,0.000122826328295879,6.28705432643643e-06,0.000120532094409502,0.000158587178543789,9.89124575294636e-05,4.75529264070911e-05,3.43666231356107e-05,0.000183522317624697,6.2209780266169e-05,4.4403198806442e-06,0.000222866899354819,0,0.000157415153232408,0,"Bacteria","Proteobacteria","Alphaproteobacteria","Sneathiellales"
"Solirubrobacterales",0.00338383990521232,0.00170002507231222,0.00144160128635192,0.00316880369089716,0.00274942011800776,0.00227591366616999,0.00186824746334729,0.00263889065096865,0.00294759123437801,0.00227302988225895,0.0020834765275964,0.00287736776561578,0.003208247239441,0.00265531128862523,0.0022664430442863,0.00431639830095557,0.00323825458078096,0.00230124948510229,"Bacteria","Actinobacteria","Actinobacteria","Solirubrobacterales"
"Sphaerobacterales",0.00026608830115171,0.000281299112684755,0.000110892406642455,0.000288963551411024,0.000160619044694611,0.000182324575466657,0.000295851504459687,0.000222022049961305,0.000222553029441293,0.000128392901299146,0.00022338305038147,0.000262174739463853,0.000271056899731165,0.000226456313912854,0.000203979873985767,0.000166235791139059,0.000188898183878889,0.000126321570781271,"Bacteria","Chloroflexi","Thermomicrobia","Sphaerobacterales"
"Sphingobacteriales",0.0539606992599733,0.0775101359408538,0.0524474878249379,0.0601778840031737,0.0573362748664264,0.054741382020282,0.0476430496811378,0.0674058943682521,0.0710537638662901,0.0596503908850551,0.0470865695236786,0.0385593498066461,0.0430980470572552,0.042631511174065,0.0418234289772298,0.0502433348046156,0.0909679682651051,0.124366332555266,"Bacteria","Bacteroidetes","Sphingobacteriia","Sphingobacteriales"
"Sphingomonadales",0.0389543231818136,0.058008769194078,0.0615452856865626,0.0579935154619988,0.0407405482778332,0.0325355061393085,0.0356555850189564,0.0374709785463265,0.0366668480061721,0.0387318585585757,0.0331294247027287,0.0351117519826965,0.0271634561976494,0.0279518136486553,0.0331505069277609,0.0610486612286545,0.0481645393133101,0.0318714815323356,"Bacteria","Proteobacteria","Alphaproteobacteria","Sphingomonadales"
"Spirochaetales",0.000471930194495487,0.000214031933564488,1.38615508303069e-05,0.000288963551411024,0.000472408954984151,0.000339500933627567,0.00035063882010037,0.000437700612780858,0.000356084847106069,0.000632453921214311,0.000541274314385868,0.000255620370977256,0.000408807127463396,0.000452912627825709,0.000298415000831029,0.000131842179179254,0.000152917577425768,0.000175751750652204,"Bacteria","Spirochaetes","Spirochaetia","Spirochaetales"
"Sulfuricellales",1.00410679679891e-05,2.446079240737e-05,3.23436186040494e-05,0.000146930619361537,0.000505477581833041,0.000767020627825245,0.000273936578203414,0.000919805635553977,0.0011424388844653,0.000703783310824948,0.000171833115678053,0.000347381529789605,0.000337710235730632,0.000577241584483746,0.000128431772509557,0.000171968059799027,0.000364303640337858,0.00012082932857339,"Bacteria","Proteobacteria","Betaproteobacteria","Sulfuricellales"
"Syntrophobacterales",0.000195800825375787,6.72671791202676e-05,2.31025847171782e-05,5.38745604325637e-05,6.61372536977811e-05,0.000132028140855165,4.93085840766146e-05,0.000139556717118534,0.000173096800676561,0.000142658779221273,0.000210495566705616,0.000327718424329816,0.000359928014397121,0.000195374074748345,0.000117099557288125,0.000171968059799027,9.44490919394446e-05,0,"Bacteria","Proteobacteria","Deltaproteobacteria","Syntrophobacterales"
"Tepidisphaerales",0,0,6.93077541515345e-05,0,4.25168059485736e-05,0,0,0,0,3.80423411256729e-05,0,0,0,0,0,0,4.0478182259762e-05,0,"Bacteria","Planctomycetes","Phycisphaerae","Tepidisphaerales"
"Thermoanaerobacterales",0,0,0,0,0,0,0,0,0,0,0,0,4.44355573329778e-05,0,0,0,0,0,"Bacteria","Firmicutes","Clostridia","Thermoanaerobacterales"
"Thermogemmatisporales",0.000326334708959645,0.000342451093703181,5.54462033212276e-05,0.000112646808177179,0.00018896358199366,0.000622418378317207,0.000109574631281366,0.000317174357087578,0.000553909762164996,0.000380423411256729,0.000730290741631727,0,3.55484458663823e-05,1.77612795225768e-05,0.000219089494281009,0.000229290746398702,0.000710616977449155,0.000659069064945764,"Bacteria","Chloroflexi","Ktedonobacteria","Thermogemmatisporales"
"Thermoleophilales",0,0,0,0,1.41722686495245e-05,0,0,0,1.48368686294195e-05,0,0,0,0,0,0,6.30549552596431e-05,0,2.74612110394068e-05,"Bacteria","Actinobacteria","Thermoleophilia","Thermoleophilales"
"Thiotrichales",0,0,0,0,0,0,0,0,0,0,0,0,0,8.8806397612884e-06,0,0,0,6.59069064945764e-05,"Bacteria","Proteobacteria","Gammaproteobacteria","Thiotrichales"
"Unassigned",0.504513460051611,0.454181878221945,0.443218467282119,0.418992251858672,0.493520911182392,0.503316421157195,0.526966316758344,0.501148171172657,0.522727609928832,0.500171190535066,0.54398498178569,0.497463459395687,0.54087404741274,0.531404162355856,0.540131151504163,0.450837197837788,0.44096481996204,0.441900315803927,"Bacteria","Unassigned","Unassigned","Unassigned"
"Verrucomicrobiales",7.53080097599181e-05,0.000917279715276376,0.000619149270420375,0.00127829638844538,0.000396823522186687,0.000207472792772402,0.000723192566457014,0.00028545692137882,0.000341247978476649,0.000142658779221273,0.000777544848443192,0.000255620370977256,0.000293274678397654,0.000417390068780555,0,0.00023502301505867,0.000557699400023387,0.000252643141562543,"Bacteria","Verrucomicrobia","Verrucomicrobiae","Verrucomicrobiales"
"Vibrionales",0,6.11519810184251e-06,9.24103388687126e-06,4.89768731205125e-06,0,0,0,0,0,4.75529264070911e-06,0,6.55436848659632e-06,0,1.33209596419326e-05,7.55481014762099e-05,5.73226865996756e-06,0,1.64767266236441e-05,"Bacteria","Proteobacteria","Gammaproteobacteria","Vibrionales"
"Xanthomonadales",0.0274171360865942,0.0293590660869459,0.0276953785589532,0.0251153405361988,0.0291476325225221,0.0246389659053044,0.0255692402095067,0.0256720924626686,0.0275174456846968,0.0234245715481331,0.0179393772767888,0.0243232614537589,0.0224310693416872,0.0226145491521209,0.0179728933411903,0.0227800356547111,0.022002140846084,0.0148235617190718,"Bacteria","Proteobacteria","Gammaproteobacteria","Xanthomonadales"
