"","1","2","3","4","5","6","7","9","10","11","12","13","15","16","17","18","19","20","22","23","24","25","26","27","28","30","34","35","36","37","61","62","63","65","85","86","87","88","89","112","113","114","161","162","164","165","166","167","168","169","170","171","172","173","174","175","176","177","179","182","187","188","191","194","196","197","198","201","202","203","204","205","206","207","208","209","210","213","214","215","216","217","218","219","220","221","222","223","224","225"
"k__Bacteria|p__Proteobacteria",0.200479484357805,0.205475860519121,0.211455809955458,0.257188136744397,0.168305576081396,0.159458978465919,0.220611172087112,0.279323189094944,0.141145602832396,0.238089375846362,0.213822704975473,0.210460220137401,0.274571057817081,0.21422047354739,0.222700433947499,0.252598902685533,0.258179462261095,0.247174562276747,0.208783596564145,0.247579024301115,0.181262729124236,0.158357375899911,0.271761539342572,0.279597129244316,0.350581846392552,0.285551206784084,0.252772204034217,0.258775437661068,0.224924948040951,0.343270207300317,0.389798145117294,0.348782202902257,0.365184423595939,0.388440115482196,0.37526868124921,0.384785819793205,0.297050938337802,0.386760950697309,0.166011740163974,0.309573388862192,0.452735687567362,0.385802570055259,0.384814084698525,0.360218925536512,0.380062012590435,0.362378874177084,0.37582093553143,0.312149382913929,0.376524095219663,0.231187075626317,0.441372519315255,0.529080923708066,0.487657165426898,0.412325622461593,0.488119539479056,0.397180762852405,0.325441357602299,0.44384351901929,0.363706863125242,0.303362122146823,0.273430815897954,0.237086092715232,0.251754309971411,0.339786756453423,0.436021245774988,0.35,0.359799587385794,0.282126425915422,0.288255719925796,0.483219887540693,0.364675984752224,0.35063576372123,0.288648139425342,0.294751009421265,0.181956775177114,0.351837372947615,0.30033361781364,0.336037907308841,0.319324142979139,0.324832798651514,0.313758760604943,0.335772386601783,0.268341340281736,0.32043463021381,0.328445747800586,0.339758880794275,0.283967391304348,0.260143681068501,0.29602534562212,0.330501450476585
"k__Bacteria|p__Chloroflexi",0.120814337368338,0.188846024195663,0.166835977182152,0.149422685080371,0.311999090547377,0.328884143085958,0.184449194154006,0.135837692185766,0.272965796295126,0.154007140219131,0.198843728100911,0.1835709536825,0.105877829576585,0.153305698025715,0.1231414953404,0.211630089517759,0.164431486880466,0.181472155530831,0.188972014408423,0.159266703209696,0.152586558044807,0.316040661148111,0.221566830832665,0.251251432362342,0.0839798293250582,0.150521852576647,0.103020382300137,0.11268106282769,0.116542221537988,0.0958241233048569,0.0649208947081288,0.0719171514415393,0.083215524996787,0.102213408766149,0.146478695157416,0.151537531892037,0.0677135197242436,0.114908662345315,0.33425508174453,0.0795557691280901,0.0261522855512585,0.0436843998299709,0.170484671334376,0.221182005857218,0.160293150427511,0.184629040609513,0.200509315105214,0.11684564834108,0.0872846913102381,0.190540856942168,0.126647477654901,0.0651756765698405,0.0700414719241656,0.119106480663959,0.0913693149342696,0.124212271973466,0.135965512522239,0.0921218676762214,0.138716556804963,0.147979642196175,0.246208291203236,0.351258278145695,0.260417569089491,0.0352132435465769,0.0313858039594399,0.0651006711409396,0.0631299734748011,0.0624566710783387,0.0829567616420111,0.052559928973069,0.169080897924608,0.081924995976179,0.120395666509656,0.132448305395815,0.201237557169761,0.134010946051603,0.113895569865777,0.0778917304946125,0.13773331706722,0.140666630417052,0.0887495389155293,0.12897382161759,0.078169530168553,0.0867858394672275,0.0833412165358055,0.0731094062278383,0.0606884057971014,0.0647576646767176,0.119124423963134,0.138032088094251
"k__Bacteria|p__Bacteroidetes",0.181418016035215,0.0327353084385183,0.0270375869344378,0.0224888687646215,0.0285909168419258,0.040532123153586,0.0501992952457975,0.0904660009510223,0.108048302459379,0.183799089006525,0.155045550105116,0.115091970155869,0.0940068246263277,0.0798145155624253,0.148217969694814,0.0510395610742131,0.069322967282151,0.0719681442876383,0.0162556571534128,0.0208904318167976,0.0219959266802444,0.00841265133335131,0.0528576337189325,0.0329895663711477,0.0427851047323507,0.0357958251793868,0.0299926074559088,0.0355460766017951,0.045339080902163,0.070434315072585,0.16721222040371,0.247842485456754,0.148052949492353,0.133125309848065,0.0547477557213301,0.114609910030885,0.0438912294140176,0.122110914686047,0.0251782855479552,0.127556196273159,0.195365498002916,0.14929862995782,0.122629324994902,0.0672619904940228,0.0402142253124119,0.123677786818552,0.0538801769199839,0.073008494951114,0.084768724598413,0.0378365722313276,0.0846841387668535,0.075100906504334,0.111184253834507,0.0939431396786156,0.0995345798971177,0.076865671641791,0.146571780484467,0.0968090859924283,0.0439123691353238,0.0725632325724861,0.197829975888621,0.0985430463576159,0.162089578099281,0.245580808080808,0.226219217769194,0.132885906040268,0.129501915708812,0.235803869666604,0.14721971174428,0.164900858242083,0.0986022871664549,0.267342668598101,0.235798398492699,0.215893796647498,0.290108510447493,0.154339327599687,0.244510823182559,0.142152408152668,0.160973526900085,0.181229949431787,0.256510512725931,0.0985330160196072,0.0839508183372689,0.131370487206449,0.130072840790843,0.188446908645477,0.350147192028986,0.21633107356066,0.137269585253456,0.209608667337635
"k__Bacteria|p__Acidobacteria",0.119281559503223,0.24828645267613,0.249746034226772,0.264432872990718,0.246234297732053,0.243904609361096,0.256022182427358,0.18124900935172,0.201144338370108,0.195802043579958,0.198756131744919,0.231070399645416,0.120247993463738,0.147895735263121,0.0701785587251903,0.129728559052844,0.135665694849368,0.113427416993617,0.233998337489609,0.236494305377916,0.249368635437882,0.222908296707741,0.17881685946627,0.140823834509378,0.119045771916214,0.234833659491194,0.28096947935368,0.223229361059273,0.139327226541452,0.186271581336997,0.0534642662302237,0.0572780157258838,0.0659298290708135,0.0473885276019947,0.0637880895182703,0.0818450382704445,0.0410570662581386,0.0667845217049696,0.133653519623539,0.0573976186662395,0.024345400367717,0.0322728313115129,0.0708993270341921,0.0984684814441404,0.0482946537630367,0.0769287669206302,0.0650046910601796,0.113720147459529,0.064447455002903,0.0804027159915711,0.085820330252992,0.0789386620790048,0.0745836350470673,0.0701041850609218,0.064913856454642,0.0817578772802653,0.0578212672779526,0.0529114836848747,0.127374951531601,0.104719309068476,0.0465505172279692,0.0558940397350993,0.054318634670363,0.0492424242424242,0.0310840173829068,0.146912751677852,0.145358090185676,0.0706182643221781,0.0390524663463825,0.0522047943178455,0.0830156713257094,0.0444229840656688,0.0657560056523787,0.0702924262816591,0.0469913012285894,0.0526192337763878,0.0819691209558538,0.0971699337920291,0.0591069903623277,0.0859659616116579,0.0878642567318333,0.128192377366533,0.111432293787151,0.103890641430074,0.11209913915429,0.0778802140416479,0.0701426630434783,0.0487706162096529,0.118778801843318,0.0663963057249423
"k__Bacteria|p__Actinobacteria",0.12222920924383,0.0840480916888273,0.0886926623427366,0.0885216210097351,0.079633945319161,0.0566381918490835,0.107966033158108,0.124504675859883,0.0616425365113486,0.0901144897205466,0.0780483531885074,0.0775651916968309,0.0933339741433171,0.0954120705402937,0.0966778117663797,0.161673404562518,0.112860382248137,0.109152661474498,0.0745358825159324,0.10225957731896,0.0728309572301426,0.0527678162159247,0.092286106975146,0.141547554429769,0.125019394879752,0.0989889106327462,0.113792375118809,0.174175775348796,0.216919405742437,0.123543819821973,0.112861429350791,0.0757527328517548,0.087199588741807,0.0909276486541658,0.0618282968769756,0.0876863166375722,0.104174645729606,0.103646958685262,0.037743171784796,0.0960542474237813,0.0576301274329551,0.0735702841447863,0.0586635850723948,0.0776801574727543,0.152400638917598,0.0619868333456617,0.0751239780190323,0.140807821766309,0.166053802980453,0.142823694685085,0.0690804423572186,0.0864818368292199,0.087551839905207,0.0819353699452587,0.0839389238180779,0.102321724709784,0.0928561653209251,0.15720209122048,0.0983908491663435,0.147208513263418,0.0679007544528273,0.0492715231788079,0.0554448583557134,0.0740740740740741,0.0735152100434573,0.0704697986577181,0.0660182729148246,0.106856998802546,0.309423012890644,0.0633323468481799,0.080559085133418,0.0577015934331241,0.105699481865285,0.0797136914229781,0.0571249215317012,0.0727912431587178,0.0837535883311351,0.108918603141633,0.0774673661095523,0.0968952204882823,0.114422722242715,0.0915000177600966,0.121325624949108,0.120154223624255,0.165074259767288,0.134872026303913,0.0931272644927536,0.273854092886775,0.114861751152074,0.0728790480137351
"k__Bacteria|p__Firmicutes",0.0232274799559818,0.0133338327278175,0.0183636789872626,0.0159233265413931,0.0142670380264878,0.00769709912795871,0.0106290797758651,0.0141860833729593,0.00913574002655371,0.0128647051581928,0.0150665732305536,0.0141833493388491,0.0855481328399096,0.0810791821822525,0.0842640677242655,0.0436399075945712,0.0820213799805636,0.129882297827487,0.0175025399464302,0.0172970339241123,0.0164562118126273,0.00924852374147275,0.0102221967701294,0.021892527591822,0.0332816136539953,0.0241356816699282,0.0110888161368677,0.0156402737047898,0.0137787699176353,0.0215066610908656,0.0679896344789962,0.0708304033753116,0.102043439146639,0.116007115569683,0.173410039195853,0.0563985497515778,0.3698199923401,0.048516990768022,0.228011449085529,0.201665865769662,0.211468965954479,0.258640421149004,0.0399700904085378,0.0296221614095732,0.0456638165930659,0.0497817885938309,0.0388017691998392,0.0359833306619651,0.0448035610605767,0.115616951533599,0.0338585062869262,0.0430754979157017,0.0399578697913238,0.0404379304255695,0.0386217032742713,0.0485903814262023,0.0601478034761188,0.0360555255092843,0.0525397440868554,0.0771900061690315,0.034067045189391,0.043841059602649,0.0583037338646799,0.0990460157126824,0.0555890873973926,0.0453020134228188,0.0388446802239906,0.0840738639944539,0.0364838510203111,0.0338561704646345,0.0476069462092334,0.0849830999517141,0.0421102213848328,0.0589746727028019,0.0775715182494844,0.0806880375293198,0.0406160291721623,0.0477086849279501,0.0555081127241674,0.0358327442770921,0.0350424197713021,0.0295172805740063,0.169204462177347,0.078093235191027,0.0485289944186926,0.0576365160208884,0.0389492753623188,0.0559040777091976,0.0476382488479263,0.0422118287845598
"k__Bacteria|p__Verrucomicrobia",0.120696431378714,0.112963032323308,0.123466437446276,0.0943325032073051,0.0434263627579151,0.043379604911906,0.0415920512968633,0.0628467268980821,0.0933489283682114,0.0377939185030161,0.043447792571829,0.0588018024673118,0.0553179218532225,0.0453874798004637,0.0336131464750658,0.0214409471556454,0.0349854227405248,0.0178017216138666,0.13604876697146,0.108106462025702,0.17091649694501,0.104780650901933,0.0136009620891078,0.0158615282552319,0.0202094647013189,0.0181833007175473,0.0533847291160629,0.0390118190704701,0.0166268955430683,0.0221638090686421,0.0091380250954719,0.0180272326280125,0.0392623056162447,0.0071738940246712,0.0125173852573018,0.0191352222371425,0.00773649942550747,0.0207555817455641,0.00776209188376267,0.0229590474664958,0.00510365815000317,0.00735702841447863,0.037386989327714,0.0219405636372365,0.0224560744151085,0.0369849840964568,0.0328374212572041,0.0210770956884116,0.0210954131991484,0.0112854132521658,0.0171943644902288,0.0154833586978098,0.0186294516490027,0.0240155394667138,0.0167387931738385,0.0290215588723051,0.0370877241001779,0.0187488732648278,0.0331523846452113,0.0300740283775447,0.0224391382126468,0.0210596026490066,0.0278090617690375,0.0200617283950617,0.0175036214389184,0.0377181208053691,0.0480400825228411,0.0536333270309447,0.0248775151025068,0.0691328795501628,0.0372723422278695,0.0257524545308225,0.0306170513424399,0.0323626575308944,0.0229575822796162,0.046051602814699,0.0428272170067499,0.041801895365442,0.0297059899963401,0.0348540046762003,0.0311324234599779,0.0396050154512841,0.0504437749368944,0.0275499474237645,0.0275281430328257,0.0306234285345884,0.0320425724637681,0.0206415056157037,0.034331797235023,0.0179977502812148
"k__Bacteria|p__Planctomycetes",0.0225593460147776,0.0413124087044459,0.041572243494569,0.0356199532110784,0.0146080827601887,0.0233582487987186,0.0162902200912714,0.0255190996988429,0.0144780931908706,0.0092330419795642,0.0102487736510161,0.0121149442269336,0.068774931513433,0.0659031827443266,0.0622109980792488,0.0448310713254404,0.0727567217363136,0.0357791181120806,0.0449801422370001,0.0415981484865095,0.0423625254582485,0.0261547172863807,0.0410605887069064,0.0192388878837223,0.0450349107835531,0.034409654272668,0.0552328651388742,0.0483426641784413,0.120391039950735,0.0480315431029333,0.0147299509001637,0.022693856677108,0.0284025189564323,0.0160975182992622,0.0542420027816412,0.0230965489458842,0.0104940635771735,0.0565049433641066,0.0225100664629118,0.0366810828127503,0.0068471438534204,0.0149102442533434,0.0342600774930324,0.0516107350328868,0.102602649628864,0.040313632665138,0.0835008711968905,0.0515306940214778,0.0419972904973873,0.0302036993678295,0.0381760339342524,0.0267319526235691,0.0308735435455204,0.0545647183471658,0.0339675022454479,0.0567993366500829,0.0244286300807445,0.0200108166576528,0.0364482357502908,0.0303824799506477,0.0319670218557984,0.0455629139072848,0.0226111062981894,0.0316358024691358,0.0284886528247224,0.047248322147651,0.0411435307987032,0.0230352303523035,0.0279693668838891,0.0229653743711157,0.0293943244387971,0.0173829068083052,0.0260951483749411,0.0366450507769485,0.034884763698323,0.0322908522283034,0.019280006206843,0.0501103466182007,0.0161034524826156,0.021369147952803,0.0104758391737366,0.0197137072425674,0.0362348342968814,0.0360322467577988,0.0292309147668149,0.0205660499000709,0.0144361413043478,0.0130527167864009,0.0419354838709677,0.0123438517553727
"k__Bacteria|p__Gemmatimonadetes",0.0263716396792957,0.0261807558335518,0.0214894115808393,0.0233944607954117,0.0381401693855511,0.0203327994305036,0.0258217318468026,0.0284514186083373,0.0162483403932478,0.0240059091468669,0.0179572529782761,0.0276279825662998,0.0605565434709473,0.0494625166865735,0.101550828768585,0.036673404562518,0.0222222222222222,0.0429232300755402,0.019488316246421,0.0205859065716548,0.0220773930753564,0.00978779626284143,0.0552628564883748,0.0647126228816115,0.145539177657099,0.0504729288975864,0.0512197697750554,0.0475428774549009,0.0778231083057501,0.0492263576079814,0.0778777959629023,0.0360544652560251,0.019856059632438,0.0618821265054971,0.0218105955240865,0.0286692627903854,0.0327077747989276,0.0203627316178878,0.0128074516082084,0.0135618559453254,0.00668864515310974,0.00869764248111696,0.0228400516620216,0.0140189159345144,0.010053556328103,0.0159775131296694,0.0118616807398472,0.0183523000480846,0.0307722082446294,0.0340435495200187,0.027344341766399,0.0395685833388474,0.0354815351194786,0.0376125728412502,0.0309463542091941,0.0254560530679934,0.0171753113452853,0.0257797007391383,0.0125048468398604,0.00963911165946946,0.00661118456871743,0.00589403973509934,0.00589101620029455,0.0357744107744108,0.0182279092225978,0.047248322147651,0.045446507515473,0.0215541690300624,0.00437615944441802,0.0036697247706422,0.0152477763659466,0.0214067278287462,0.0263777673104098,0.0202496023491986,0.0118375033629271,0.0140734949179046,0.0221118783458763,0.036284564455407,0.0192143467122118,0.0225653852427818,0.0203614902250092,0.0682342911945441,0.0279700350134354,0.0451454609183316,0.0191088827925456,0.0228869834311134,0.0142663043478261,0.0103207528078519,0.0228110599078341,0.0230596175478065
"k__Bacteria|p__Nitrospirae",0.0123408269140072,0.0200382036780404,0.0221145580995546,0.0178854426081051,0.0140965156596374,0.0133920626445987,0.0260527987984519,0.0136313203360279,0.00761838528165897,0.0104641142435061,0.00858444288717589,0.00886459333678068,0.00446964963714135,0.0089229255954472,0.00380593298712385,0.00375397054576956,0.00447035957240039,0.00925221057562804,0.0232289646254734,0.0196723308362263,0.0317718940936864,0.0410116752500876,0.0227923491009048,0.00790060913093299,0.0120636152055857,0.026174168297456,0.0128313443869469,0.00639829378832311,0.00461858209529674,0.010036441842404,0.0126159301691217,0.0113149651601355,0.00873923660197918,0.00988597591204689,0.00764951321279555,0.00725124211091715,0.00743010340865569,0.00576180187258561,0.00412361131324892,0.0113727374659619,0.00380396880745578,0.00758591374292908,0.00625382366936306,0.00657736809256325,0.00770459456920041,0.00643538723278349,0.00978421123173837,0.0157877865042475,0.0193535900909619,0.01446967923203,0.0239357673079836,0.0097928935353669,0.00757027187150286,0.00918241214903761,0.00783865436433412,0.00704809286898839,0.00656904338305734,0.00342527492338201,0.0284024815820085,0.0104873534855028,0.00563895154390604,0.00695364238410596,0.00667070952092177,0.00427890011223345,0.00362143891839691,0.0167785234899329,0.0166814028882994,0.0100523098254238,0.00756314512676592,0.008227286179343,0.0136382888606523,0.00627716079188798,0.00697126707489402,0.0136424813410009,0.00645682001614205,0.00383111806098514,0.00791372488168205,0.012462676879138,0.0297669879224106,0.00543744222717634,0.00309848764293619,0.0196426668561077,0.0152674863610455,0.0132492113564669,0.0144735597389083,0.00767197472761266,0.00628396739130435,0.00313669938277851,0.00697004608294931,0.0302231957847374
"k__Bacteria|p__Chlorobi",0.0117905989624273,0.00404509532192217,0.0065640384465109,0.00799939627197947,0.011709202523731,0.0111229756184374,0.0232222286407487,0.0116896497067681,0.0296200290826326,0.022097747137757,0.036177295024527,0.0276279825662998,0.0026914019320421,0.00562074053256517,0.00220530696450167,0.00678602367889113,0.00414642047295109,0.0104233764712772,0.00457190357439734,0.00438516353005664,0.00309572301425662,0.00275028985898024,0.00552628564883748,0.00295518967492914,0.0030256012412723,0.00970319634703196,0.00195374379554335,0.00124411268106283,0.00215533831113848,0.00352470278989187,0.00941080196399345,0.00907754267084319,0.0170286595553271,0.00679478580385524,0.00335061322543937,0.00644554854303746,0.00329375718115664,0.00844627774504027,0.00392955901615485,0.00993112285760051,0.00250427946490839,0.00333518621456365,0.00829311399632928,0.00412885880263095,0.00441604810673682,0.00636141726459058,0.00516016619756065,0.0162686327937169,0.0200309657441455,0.0083821119175837,0.00454476594455386,0.00562429696287964,0.00724112961622013,0.00741656365883807,0.00514411692659427,0.00588723051409619,0.0346927603667716,0.0148729042725798,0.0195812330360605,0.023056755089451,0.0212724585828731,0.0327814569536424,0.0337867105605129,0.00147306397306397,0.00241429261226461,0.00630872483221476,0.00677866195107574,0.00699565135186236,0.00960852399752652,0.0187037585084344,0.0153324862346463,0.0156929019797199,0.0175223739990579,0.00868714058485256,0.0147968792036589,0.0115715402658327,0.0101637054852975,0.00421913540179151,0.0269000853970965,0.0157142080365396,0.0157137587606049,0.0130003907221255,0.00533344190212523,0.013459516298633,0.0157033393245672,0.0183095867448907,0.0144361413043478,0.0110796316907822,0.0189516129032258,0.0312592504884258
"k__Archaea|p__Thaumarchaeota",0.00314415972331394,0.00101127383048054,0.00109400640775182,0.000981058033355973,0.00227363155800602,0.00235807083110874,0.0017330021373693,0.000871770486606435,0.00158057785926535,0.0011079650375477,0.00105115627189909,0.00118194577823742,0.0028355841784015,0.0147544438979836,0.00184961229280785,0.00552266820675715,0.00252672497570457,0.00368917257129472,0.00835873279763554,0.00328887264754248,0.00415478615071283,0.00819694232480384,0.00180391707708166,0.00349797961522224,0.00430566330488751,0.00994781474233529,0.0153659309325166,0.0248822536212566,0.00615810946039566,0.00585459107473565,0.00252318603382433,0.00377165505337851,0.0016707364092019,0.00195386544574378,0.00208623087621697,0.00248422183429569,0.00130218307162007,0.000589275191514437,0.00101877455974385,0.00229590474664958,0.001204590122361,0.00101363502599483,0.00258310108082387,0.000960199721542081,0.000657709292492718,0.00170130926843701,0.0019434392172631,0.0482449110434365,0.00677375653183666,0.0597518145633341,0.00515073473716104,0.000727850195196189,0.00105325521690475,0.00353169698039908,0.00195966359108353,0.000829187396351575,0.00157383331052415,0.000630971696412475,0.000484683986041101,0.00215916101172116,0.000505561172901921,0.000198675496688742,0.000173265182361604,0.0189393939393939,0.00126750362143892,0.00959731543624161,0.0143236074270557,0.00664901997857188,0.00218807972220901,0.000355134655223439,0.00584498094027954,0.000804764204088202,0.000753650494583137,0.000978832741955218,0.000807102502017756,0.000312744331508991,0.00174567460625339,0.023107880046735,0.00067097718677565,0.000434995378174107,0.00110660272962007,0.000674883671367172,0.00903835192573895,0.000911321416053277,0.00075678743732854,0.00167622977241957,0.000792572463768116,0.000101183851057371,0.00144009216589862,0.000473625007400391
"k__Bacteria|p__Latescibacteria",0.00322276371639679,0.00868946402486984,0.00515745877940142,0.00173571805901441,0.00233047234695618,0.00249154653852999,0.00155970192363237,0.00515137105721984,0.00189669343111842,0.00215437646189831,0.00201471618780659,0.00177291866735614,0.00187436920267218,0.00182674067308368,0.000924806146403927,0.00877129656367312,0.00434078393262067,0.00503601335129121,0.00438718019765401,0.00341068274559961,0.00317718940936864,0.00485345269231806,0.00924865422059329,0.00367890959531994,0.00120248254460822,0.0036692759295499,0.00353786038652445,0.00248822536212566,0.00107766915556924,0.00633251687675488,0.00279596290234588,0.00441091862174775,0.0055262819688986,0.00244962234988773,0.00164369705398913,0.00362562105545857,0.00145538108004596,0.00556537680874746,0.00329888905059914,0.00352394682043889,0.000824193241615419,0.00140600987476703,0.00333084086737815,0.00465696864947909,0.00272479564032698,0.00332864856868112,0.00710360541482375,0.00304535983330662,0.00367718211728276,0.00229454460313744,0.0061354340251477,0.00535962416462648,0.00460799157395827,0.00803461063040791,0.00677716991916388,0.00903814262023217,0.00691118105925825,0.00594916170903191,0.0132803412175262,0.0087137569401604,0.00746674963055145,0.00887417218543046,0.00952958502988824,0.000140291806958474,0.00114678899082569,0.00483221476510067,0.00424403183023873,0.0035923615050104,0.00199781192027779,0.00106540396567032,0.00432020330368488,0.00249476903267343,0.00320301460197833,0.0102777437905298,0.00529100529100529,0.00774042220484754,0.0030646287532004,0.00279112034272361,0.00487983408564109,0.00288184438040346,0.0016967908520841,0.00515042801832842,0.0040713296962788,0.00273396424815983,0.00397313404597484,0.00244987428276707,0.00288722826086957,0.00151775776586057,0.00472350230414747,0.00340417974069031
"k__Bacteria|p__Armatimonadetes",0.00597390347429649,0.00434473201243492,0.00390716574197077,0.00528262017960909,0.00608196441766612,0.00565047161416622,0.00479463924672174,0.00816294182913298,0.00572169185054056,0.00258525175427798,0.0037666433076384,0.00361970894585211,0.00788196280098044,0.0111712218084733,0.0129828555168244,0.00483684666474155,0.0093942338840298,0.00316214791825262,0.00498753117206983,0.00627322004994214,0.00545824847250509,0.00266939898077493,0.0070152330775398,0.00434231952234485,0.00314197051978278,0.00424005218525766,0.00786777906853945,0.00444325957522438,0.00138557462858902,0.0051974430969592,0.00102291325695581,0.000958895352553858,0.00250610461380285,0.00134145985827185,0.00113794411430016,0.00161138713575937,0.00122558406740712,0.00150592548942578,0.0011643137825644,0.00288322921672273,0.00063399480124263,0.00176568681947487,0.00115559785194752,0.00129626962408181,0.00159729399605374,0.000961609586507878,0.000737166599651521,0.00384677031575573,0.00425778982001161,0.00271599157106064,0.000454476594455386,0.000529345596506319,0.000658284510565466,0.00158926364117959,0.000653221197027844,0.00066334991708126,0.000957985493362529,0.000630971696412475,0.00261729352462195,0.00269895126465145,0.00143890487672085,0.00205298013245033,0.00259897773542407,0.00105218855218855,0.000845002414292612,0.00436241610738255,0.00353669319186561,0.00485283922606668,0.000856205108690482,0.000414323764427345,0.00338839474798814,0.00152905198776758,0.00734809232218559,0.00312002936498226,0.00816070307595731,0.00297107114933542,0.00554736597098301,0.00324548877060885,0.00243991704282054,0.00331683975857757,0.00427886388786426,0.00561219053031648,0.00362348342968814,0.00609884332281809,0.00293255131964809,0.00464186706208497,0.0030570652173913,0.00364261863806536,0.00380184331797235,0.00420342194067847
"k__Archaea|p__Miscellaneous Crenarchaeotic Group",0.00479484357805377,0.000486909622083224,0.00156286629678831,0.000679194023092597,0.00682089467401807,0.0185531233315537,0.0129397492923575,0.00380408939610081,0.0124233419738256,0.00240059091468669,0.00183952347582341,0.00672231661372535,0.000192242995145864,0.000913370336541839,0.000355694671693818,0.000721917412647993,0.000518302559118886,0.00216665690695087,0.00152396785813245,0.000730860588342774,0.0065173116089613,0.000566236147437107,0.00137441301110984,0.00132681985404982,0.000659425911559348,0.00203848662752772,0.000633646636392439,0.000355460766017951,0.000230929104764837,0.000716888703028855,0.00122749590834697,0.00300453877133542,0.00115666366790901,0.000845702954127905,0.00227588822860033,0.00322277427151873,0.000612792033703562,0.00405945131932168,0.000727696114102751,0.00373751935501095,0.000348697140683446,0.00183108262760357,0.013119434436816,0.00446492870517068,0.00112750164427323,0.00184924920482284,0.0040879238707948,0.0043276166052252,0.00251596671182504,0.00749239054085694,0.015527950310559,0.00138953219082909,0.00269896649331841,0.0073282712343281,0.00677716991916388,0.00655058043117745,0.00903243465170385,0.00378583017847485,0.0014540519581233,0.00161937075879087,0.00241113790153224,0.00139072847682119,0.00129948886771203,0.00021043771043771,0.000362143891839691,0.000335570469798658,0.000530503978779841,0.00148106132224113,0.00052323645531085,0.000236756436815626,0.00457433290978399,0.000724287783679382,0.00131888836552049,0.000428239324605408,0.00134517083669626,0.000625488663017983,0.00318100706028396,0.00045436842788524,0.00835671587166036,0.00320809091403404,0.00191811139800812,0.00401378183497318,0.00175067176939989,0.0020329477742727,0.000567590577996405,0.000838114886209787,0.00232110507246377,0.001770717393504,0.0054147465437788,0.00162808596293884
"k__Bacteria|p__Aminicenantes",0.000943247916994183,0.000299636690512753,0.000390716574197077,0.000150932005131688,0.00159154209060422,0.00542801210179747,0.000866501068684651,0.000911396417815819,0.00423594866283113,0.00295457343346054,0.00183952347582341,0.00162517544507646,0.000720911231796991,0.00077285182322771,0.000426833606032582,0.00108287611897199,0.000259151279559443,0.00169819054869122,0.000507989286044149,0.000487240392228516,0.000488798370672098,0.000323563512821204,0.000658572901156798,0.000482479946927206,0.000310318076027929,0.000652315720808871,0.00015841165909811,0.000266595574513463,0.000384881841274729,0.000358444351514427,0.000340971085651937,0.000127852713673848,0.0010924045752474,0.000145810854159984,0.000189657352383361,0.00140996374378945,0.000306396016851781,0.00111307536174949,4.85130742735167e-05,0.0019755459447915,0.000253597920497052,0.00124252035444528,0.0038066752770036,0.00657736809256325,0.00178521093676595,0.00310673866410237,0.00569628736094357,0.00168296201314313,0.002032126959551,0.00295012877546242,0.00492349643993334,0.00238205518427844,0.00204068198275295,0.00247218788627936,0.00220462153996897,0.00257048092868988,0.00985356507458601,0.00216333153055706,0.0071733229934083,0.00586057988895743,0.0150890565450727,0.016953642384106,0.0183661093303301,0.00021043771043771,0.000241429261226461,0.00087248322147651,0.000530503978779841,0.00144954937921472,0.000190267801931218,0.000828647528854691,0.00423549343498518,0.000643811363270562,0.000659444182760245,0.000244708185488805,0.00107613666935701,0.000625488663017983,0.0012413686088913,0.000389458652473062,0.0210442844943272,0.00184873035723995,0.000368867576540022,0.000461762511988065,0.00122139890888364,0.000420609884332282,0.00104058272632674,0.00128940751724583,0.000792572463768116,0.00126479813821714,0.000921658986175115,0.00310816411106506
"k__Bacteria|p__Deinococcus-Thermus",0.000510925955038516,0.000374545863140942,0.000703289833554739,0.000452796015395065,0.000966293412152561,0.00111229756184374,0.000404367165386171,0.000554763036931368,0.000821900486817981,0.000430875292379663,0.000613174491941135,0.000886459333678068,0.00442158888835488,0.00252933323965432,0.017606886248844,0.00115506786023679,0.00090702947845805,0.00538736311998595,0.000507989286044149,0.000121810098057129,0.000733197556008147,0.000620163399573975,0.000486771274768068,0.000542789940293107,0.000659425911559348,0.000326157860404436,0.000792058295490548,0.000888651915044877,0.0045416057270418,0.000716888703028855,0.0016366612111293,0.00223742248929234,0.00494795013494409,0.00145810854159984,0.0012643823492224,0.00778837115617027,0.000612792033703562,0.00746415242584954,0.00679183039829234,0.00234929788029259,0.000570595321118367,0.00134061406663833,0.000883692475018693,0.00283258917854914,0.00112750164427323,0.000887639618314964,0.00127328776303445,0.000961692578938932,0.00493516547319528,0.00079606649496605,0.00166641417966975,0.00284523258122147,0.0029622802975446,0.00150097121666961,0.00236792683922593,0.00248756218905473,0.000821130422882168,0.000811249323958897,0.000678557580457542,0.000694016039481801,0.000311114567939644,0.000264900662251656,0.000693060729446418,0.0119949494949495,0.0547440849831,0.000402684563758389,0.000412614205717654,0.000378143316316884,4.75669504828045e-05,0.000236756436815626,0.000508259212198221,0.00144857556735876,0.00160150730098917,0.000428239324605408,0.000986458613577258,0.000234558248631744,0.000310342152222826,0.000649097754121771,0.000304989630352568,0.000434995378174107,7.37735153080044e-05,0.000355201932298512,0.000284993078739516,0.000140203294777427,9.45984296660675e-05,0.000322351879311456,0.000169836956521739,0.000151775776586057,5.76036866359447e-05,0.000236812503700195
"k__Bacteria|p__Lentisphaerae",0.00475554158151234,0.000486909622083224,0.000234429944518246,0.000981058033355973,0.000625248678451657,0.000533902829684997,0.0011553347582462,0.00269456332223807,0.00230764367452741,0.000553982518773852,0.00218990889978977,0.00184679027849597,0.00182630845388571,0.00126466661982716,0.00110265348225084,0.000505342188853595,0.00123096857790735,0.00128828248521403,0.000369446753486654,0.000121810098057129,0.000162932790224033,0.000350527138889638,0.000801740923147406,0.00084433990712261,0.000271528316524438,0.000244618395303327,0.000211215545464146,0.000355460766017951,0.000307905473019783,0.000418185076766832,0.000272776868521549,0.0013424534935754,0.00321295463308058,0.00145810854159984,0.000632191174611202,0.00127568148247617,0.000306396016851781,0.00111307536174949,0.000679183039829234,0.000694110737359176,0.00022189818043492,0.000130791616257398,0.00108762150771532,0.00177636948485285,0.000751667762848821,0.00510392780531104,0.01099048384935,0.00136239782016349,0.000870911554093284,0.000655584172324982,0.00121193758521436,0.000529345596506319,0.00105325521690475,0.00626876214020837,0.0041642851310525,0.00447761194029851,0.00773231148214041,0.00297458085451595,0.00232648313299729,0.00185070943861814,0.00633895932177024,0.00582781456953642,0.00874989170926102,7.01459034792368e-05,0.000663930468372767,0.00140939597315436,0.00153256704980843,0.00727925883910002,0.00152214241544975,0.00609647824800237,0.0024565861922914,0.00112666988572348,0.00160150730098917,0.00134589502018843,0.00224195139449377,0.0073494917904613,0.00531460935681589,0.00116837595741919,0.00231792119067952,0.00190310477951172,0.000811508668388049,0.00092352502397613,0.00166924517547431,0.00112162635821942,0.00397313404597484,0.00232093353104249,0.00147192028985507,0.00121420621268845,0.0016705069124424,0.000976851577763306
"k__Bacteria|p__Cyanobacteria",0.000510925955038516,0.00044945503576913,0.000547003203875908,0.000603728020526753,0.00107997499005286,0.000756362342053746,0.000346600427473861,0.000475511174512601,0.000474173357779604,0.000615536131970947,0.000613174491941135,0.000664844500258551,0.00504637862257894,0.00941474039204665,0.00746958810557018,0.00151602656656079,0.00984774862325883,0.00122972419043157,0.000785074351159139,0.000669955539314209,0.000407331975560081,0.00051230889530024,0.00403733822013515,0.000964959893854412,0.00100853374709077,0.000896934116112198,0.000686450522758475,0.000355460766017951,0.000692787314294512,0.000896110878786068,0.000681942171303873,0.00102282170939078,0.00269888189178769,0.00157475722492782,0.000948286761916804,0.00187995165838593,0.000536193029490617,0.00824985268120212,0.00266821908504342,0.00507234769608628,0.000792493501553287,0.000523166465029592,0.00278703011352049,0.00931393729895818,0.00225500328854646,0.00147939936385827,0.00227851494437743,0.00080141048244911,0.00183859105864138,0.000234137204401779,0.000530222693531283,0.00119102759213922,0.000460799157395826,0.00158926364117959,0.000408263248142402,0.000746268656716418,0.00253181880388668,0.000991526951505318,0.00203567274137262,0.00107958050586058,0.000233335925954733,6.62251655629139e-05,0.000866325911808022,0.000280583613916947,0.000845002414292612,0.000536912751677852,0.000589448865310934,0.000409655259343291,0.0010940398611045,0.00331459011541876,0.000423549343498518,0.00402382102044101,0.000376825247291569,0.00116236388107182,0.00304905389651152,0.00281469898358092,0.000465513228334238,0.000778917304946125,0.000731975112846163,0.000108748844543527,0.000368867576540022,0.000106560579689554,0.000895692533181337,0.000350508236943568,0.000472992148330338,0.000257881503449165,0.000113224637681159,5.05919255286856e-05,0.000633640552995392,0.000118406251850098
"k__Archaea|p__Euryarchaeota",0.00330136770947964,0.000149818345256377,0.000390716574197077,0.000830126028224285,0.00210310919115557,0.00498309307705997,0.00306163710935243,0.0011887779362815,0.0018018587595625,0.000800196971562231,0.000350385423966363,0.00199453350077565,0.000576728985437593,0.000983629593198904,0.00135163975243651,0.000505342188853595,6.47878198898607e-05,0.000585582947824559,0.000323265909300822,0.000182715147085693,0.000570264765784114,0.000404454391026505,0.0013171458023136,0.000904649900488511,0.000465477114041893,0.00228310502283105,0.000316823318196219,0.000266595574513463,0.000307905473019783,0.000358444351514427,0.000136388434260775,0.000383558141021543,0.000128518185323223,0.000204135195823977,0.00252876469844481,0.00845978246273667,0.00015319800842589,0.00150592548942578,0.00422063746179595,0.000533931336430135,0.000253597920497052,9.80937121930484e-05,0.0019033376385018,0.000816169763310769,0.00131541858498544,0.00221909904578741,0.00221149979895456,0.00184324410963295,0.00125798335591252,0.00243502692577851,0.00166641417966975,0.000860186594322768,0.000855769863735106,0.00176584849019954,0.00155140034294113,0.00140961857379768,0.00260024633912686,0.00153235983414458,0.00213260953858085,0.00277606415792721,0.000700007777864199,0.000728476821192053,0.000519795547084813,0.000982042648709315,0.00126750362143892,0.00100671140939597,0.00117889773062187,0.00198525241066364,0.00180754411834657,0.000532701982835158,0.000931808555696739,0.00426525028166747,0.000942063118228921,0.00116236388107182,0.000986458613577258,0.000781860828772478,0.00131895414694701,0.00116837595741919,0.00420885689886544,0.000869990756348214,0.00221320545924013,0.000745924057826875,0.000651412751404609,0.000911321416053277,0.00113518115599281,0.00193411127586874,0.000226449275362319,0.00313669938277851,0.0131912442396313,0.000947250014800781
"k__Bacteria|p__Spirochaetae",0.000628831944662789,0.000674182553653695,0.000468859889036493,0.000603728020526753,0.000454726311601205,0.000711870439579996,0.000808734330772341,0.000515137105721984,0.000442561800594297,0.000677089745168041,0.000350385423966363,0.000590972889118712,0.000432546739078195,0.000281037026628258,0.0003912641388632,0.000974588507074791,0.000647878198898607,0.000936932716519295,0.00147778701394661,0.000609050490285645,0.000488798370672098,0.00210316283333783,0.000200435230786851,0.000241239973463603,0.00034910783553142,0.000896934116112198,0.000316823318196219,0.000266595574513463,0.000384881841274729,0.000597407252524046,0.000340971085651937,0.000767116282043086,0.00128518185323223,0.000524919074975941,0.0012643823492224,0.00127568148247617,0.00107238605898123,0.00333922608524848,0.000485130742735167,0.000587324470073149,0.000158498700310657,0.000163489520321747,0.00142750322887635,0.000816169763310769,0.000939584703561026,0.00155336933205119,0.00060313630880579,0.0014425388684084,0.00183859105864138,0.00173261531257317,0.00166641417966975,0.00145570039039238,0.0009874267658482,0.0011478015186297,0.00114313709479873,0.00107794361525705,0.00143697824004379,0.000991526951505318,0.00252035672741373,0.00308451573103023,0.00190557672863032,0.00271523178807947,0.00242571255306246,0.020131874298541,0.00513037180106229,0.00161073825503356,0.00165045682287062,0.0022373479548749,0.00271131617751986,0.00319621189701095,0.00355781448538755,0.00112666988572348,0.00188412623645784,0.00250825890126025,0.00143484889247601,0.00367474589523065,0.00178446737528125,0.00116837595741919,0.00176893985604489,0.00179435593496819,0.00140169679085208,0.00092352502397613,0.00150639198762316,0.000981423063441991,0.00141897644499101,0.00180517052414416,0.00124547101449275,0.0014165739148032,0.00120967741935484,0.0012136640814635
"k__Bacteria|p__Parcubacteria",0.00184719383744694,0.000524364208397318,0.00140657966710948,0.00339597011546298,0.000568407889501506,0.000845346147001246,0.00190630235110623,0.00122840386749089,0.000695454258076753,0.000553982518773852,0.000613174491941135,0.00110807416709758,0.000144182246359398,7.02592566570646e-05,0.000106708401508145,0.000974588507074791,0.000259151279559443,5.85582947824559e-05,0.00143160616976078,0.000426335343199951,8.14663951120163e-05,0.000728017903847709,0.00128851219791547,6.03099933659007e-05,0.000232738557020946,0.000489236790606654,5.28038863660365e-05,0,7.69763682549457e-05,0.000179222175757214,0,0.000127852713673848,6.42590926616116e-05,2.91621708319967e-05,0.00240232646352257,6.71411306566403e-05,0.00329375718115664,0.000720225234073201,0.000242565371367584,0.000427145069144108,9.50992201863945e-05,0.000130791616257398,0.000135952688464414,4.8009986077104e-05,0,0.000295879872771655,0.000134030290845731,0.00264465459208206,0.00212889491000581,0.00974010770311402,0,0.000330840997816449,0.00039497070633928,0.00141267879215963,0.000408263248142402,0.00165837479270315,0.00102641302860271,0.00279430322696953,0.000290810391624661,0.000231338679827267,0.000272225246947188,0.000198675496688742,8.66325911808022e-05,0.000561167227833895,0.00012071463061323,0.000469798657718121,0.000353669319186561,0.000409655259343291,0.000428102554345241,0.000414323764427345,0.00262600592969081,8.04764204088202e-05,0.00348563353744701,0.00342591459684326,0.0145278450363196,0.00109460516028147,0.000155171076111413,0.000389458652473062,0.00323289008173722,0.00728617258441629,0.000368867576540022,0.000781444251056726,0.000325706375702304,0.000280406589554855,0.000283795288998203,0.000580233382760621,0.000226449275362319,0.000202367702114742,0.000345622119815668,0.000888046888875733
"k__Bacteria|p__Synergistetes",0,0,0,0,0,0,0,0,0,0,0,0,0,0,0,0,0,0,4.61808441858317e-05,0,0,0,0,0,0,0,0,0,0,0,0,0,0,0,0,0,0,0,0,0,0,0,0.00237917204812725,0.00230447933170099,0.00225500328854646,0.00258894888675198,0.0017423937809945,0.00200352620612278,0.002032126959551,0.00252868180753922,0.00181790637782154,0.00205121418646199,0.00250148114014877,0.00282535758431927,0.00220462153996897,0.00265339966832504,0.00253181880388668,0.0025238867856499,0.00252035672741373,0.0020820481184454,0.00171113012366804,0.00218543046357616,0.00155938664125444,0.00224466891133558,0.00229357798165138,0.0012751677852349,0.00194518125552608,0.00094535829079221,0.00166484326689816,0.00124297129328204,0.0024565861922914,0.00233381619185579,0.00216674517192652,0.00171295729842163,0.00206259528293427,0.00234558248631744,0.00151291799208628,0.00201220303777749,0.00256191289496157,0.00146810940133761,0.00125414976023608,0.0015273683088836,0.000895692533181337,0.00168243953732913,0.00208116545265349,0.00206305202759332,0.00107563405797101,0.00151775776586057,0.00190092165898618,0.00115446095553845
"k__Bacteria|p__Hydrogenedentes",0.000510925955038516,0.000262182104198659,0.000156286629678831,0.000226398007697532,0.000113681577900301,0.000222459512368749,0.000693200854947721,0.000673640830559518,0.000758677372447367,0.000246214452788379,0.000350385423966363,0.000443229666839034,0.00365261690777142,0.00182674067308368,0.00227644589884044,0.00194917701414958,0.00129575639779721,0.00169819054869122,0.000369446753486654,0.000304525245142822,0.00065173116089613,8.0890878205301e-05,0.000658572901156798,0.000422169953561305,0.00147401086113266,0.000163078930202218,0.000792058295490548,0.000444325957522438,0.00423370025402202,0.000298703626262023,0.00218221494817239,0.00140637985041232,0.00411258193034314,0.00247878452071972,0.00164369705398913,0.000872834698536323,0.000382995021064726,0.000589275191514437,0.000776209188376267,0.000373751935501095,6.3399480124263e-05,0.000425072752836543,0.000339881721161036,0.000384079888616832,0.000657709292492718,0.000443819809157482,0.000804181745074387,0.00112197467542875,0.000580607702728856,0.00079606649496605,0.000151492198151795,0.00019850459868987,0.00059245605950892,0.000441462122549885,8.16526496284804e-05,0.000497512437810945,0.000205282605720542,0.000270416441319632,0.00174486234974796,0.00169648365206663,0.000350003888932099,0.000529801324503311,0.000693060729446418,0.00126262626262626,0.00205214872042492,0.000469798657718121,0.000471559092248747,0.00132350160710909,0.000570803405793655,0.000532701982835158,0.000677678949597628,0.000321905681635281,0.00160150730098917,0.000305885231861006,0.000627746390458255,0.00140734949179046,0.000698269842501358,0.00103855640659483,0.000182993778211541,0.000598118644989397,0.000221320545924013,0.000426242318758214,0.000814265939255761,0.000630914826498423,0.00037839371866427,0.000709174134485204,0.000566123188405797,0.000455327329758171,0.000633640552995392,0.000296015629625244
"k__Bacteria|p__SHA-109",3.93019965414243e-05,0.000187272931570471,0.000156286629678831,0.000226398007697532,5.68407889501506e-05,0.000444919024737498,0,3.96259312093834e-05,6.32231143706139e-05,0.000123107226394189,0,0.000147743222279678,0.00110539722208872,0.000843111079884775,0.000569111474710109,0.000324862835691597,0.000194363459669582,0.000527024653042103,0,0.000304525245142822,0.000244399185336049,0.000296599886752771,0.000744473714351162,0.000180929980097702,0.000193948797517455,0.000407697325505545,0.000686450522758475,0.000266595574513463,0.000692787314294512,0.000238962901009618,0.00211402073104201,0.00607300389950777,0.00366276828171186,0.000962351637455892,0.000885067644455683,0,0.000842589046342398,0.000392850127676292,9.70261485470334e-05,0.00485877516151423,0.000760793761491156,0.00219075957231141,0.0047583440962545,0.00667338806471746,0.00244292022925867,0.00369849840964568,0.00140731805388018,0.00208366725436769,0.00135475130636733,0.000889721376726762,0.00166641417966975,0.000463177396943029,0.00322559410177079,0.00132438636764966,0.000979831795541765,0.00232172470978441,0.000889557958122348,0.00117180457905174,0.000387747188832881,0.000154225786551511,0.000155557283969822,0,0,0.000491021324354658,0.000663930468372767,0.000201342281879195,0.00017683465959328,9.4535829079221e-05,9.51339009656091e-05,5.91891092039065e-05,0.000338839474798814,0.000321905681635281,0.000188412623645784,0.000122354092744402,0.000179356111559501,0.000234558248631744,0.00011637830708356,0.000259639101648708,6.09979260705136e-05,5.43744222717634e-05,7.37735153080044e-05,0,8.14265939255761e-05,0.000560813179109709,0,0,5.66123188405797e-05,0,0.000518433179723502,0.000118406251850098
"k__Bacteria|p__Thermotogae",7.86039930828486e-05,7.49091726281883e-05,7.81433148394155e-05,0,0.000170522366850452,0.000177967609894999,0.00017330021373693,0.00011887779362815,9.48346715559208e-05,0.000307768065985473,0.000175192711983181,0.000369358055699195,0.00024030374393233,0.000210777769971194,0.000106708401508145,0.000180479353161998,0.000194363459669582,0.000175674884347368,0.000461808441858317,0.000304525245142822,8.14663951120163e-05,0.00353223501496481,0.000830374527545527,0.00126650986068392,0.000310318076027929,0.000815394651011089,0.000211215545464146,0.000266595574513463,0.000230929104764837,0.000477925802019237,0.000272776868521549,6.39263568369239e-05,0.000128518185323223,0.000116648683327987,6.32191174611202e-05,0.000335705653283201,0.000382995021064726,0.00032737510639691,0.000194052297094067,0.000266965668215068,0.000190198440372789,0.000261583232514796,0.00101964516348311,0.00139228959623602,0.00159729399605374,0.000887639618314964,0.00113925747218871,0.00160282096489822,0.00116121540545771,0.00131116834464996,0.000984699287986669,0.00105869119301264,0.000526627608452373,0.00167755606568956,0.00122478974442721,0.00190713101160862,0.00123169563432325,0.00117180457905174,0.00126017836370686,0.00161937075879087,0.0010500116667963,0.00132450331125828,0.00077969332062722,0.000771604938271605,0.000845002414292612,0.0010738255033557,0.000884173297966401,0.000598726917501733,0.00052323645531085,0.000473512873631252,0.000762388818297332,0.000885240624497022,0.00131888836552049,0.00134589502018843,0.000807102502017756,0.000703674745895231,0.000543098766389945,0.00149292483448007,0.00158594607783335,0.000761241911804687,0.00125414976023608,0.000497282705217916,0.000977119127106913,0.000490711531720995,0.00122977958565888,0.000902585262072078,0.00113224637681159,0.000860062733987656,0.000806451612903226,0.000414421881475342
"k__Bacteria|p__WD272",0.000393019965414243,0.000374545863140942,0.000703289833554739,0.00211304807184363,0.000454726311601205,0.00244705463605624,0.00196406908901854,7.92518624187668e-05,0.000821900486817981,0.00141573310353318,0.000963559915907498,0.0016990470562163,4.80607487864661e-05,0.000140518513314129,0.000106708401508145,0.000144383482529599,6.47878198898607e-05,5.85582947824559e-05,0.00332502078137988,0.00194896156891406,0.00822810590631365,0.0167444117884973,8.59008131943649e-05,0.000120619986731801,3.87897595034911e-05,0.000163078930202218,0,8.88651915044877e-05,7.69763682549457e-05,0.000119481450504809,0.000204582651391162,6.39263568369239e-05,0.000128518185323223,0.000116648683327987,0.000189657352383361,0.000201423391969921,0.000229797012638836,0.000196425063838146,0,0.000106786267286027,9.50992201863945e-05,0.000130791616257398,0,0.000288059916462624,0,0.000147939936385827,6.70151454228656e-05,0,9.67679504548094e-05,9.36548817607118e-05,0,0,6.58284510565466e-05,8.8292424509977e-05,8.16526496284804e-05,8.29187396351575e-05,0.000136855070480361,9.01388137732107e-05,9.69367972082202e-05,0.000308451573103023,0.000116667962977366,0,0,0,0,0,5.89448865310934e-05,0,4.75669504828045e-05,5.91891092039065e-05,0,0.00016095284081764,9.42063118228921e-05,6.11770463722012e-05,8.96780557797507e-05,0.000156372165754496,3.87927690278532e-05,6.49097754121771e-05,0,0.00016312326681529,7.37735153080044e-05,0,0.000162853187851152,7.01016473887136e-05,0.00037839371866427,0.000193411127586874,5.66123188405797e-05,5.05919255286856e-05,0,2.96015629625244e-05
"k__Bacteria|p__Elusimicrobia",0.000982549913535608,0.00164800179782014,0.00109400640775182,0.00143385404875104,0.00153470130165407,0.00244705463605624,0.00179076887528161,0.000832144555397052,0.00442561800594297,0.00178505478271575,0.001927119831815,0.00384132377927163,4.80607487864661e-05,0.000140518513314129,0.000142277868677527,0.000288766965059197,0.000194363459669582,5.85582947824559e-05,0.000738893506973307,0.000669955539314209,0.00219959266802444,0.00113247229487421,0.000229068835184973,0.000361859960195404,0.000116369278510473,0.000570776255707763,0.000316823318196219,0.000355460766017951,7.69763682549457e-05,0.000537666527271641,0.000204582651391162,0.000191779070510772,0,2.91621708319967e-05,0.000189657352383361,0.000268564522626561,0.00015319800842589,6.54750212793819e-05,4.85130742735167e-05,0.000106786267286027,0,9.80937121930484e-05,0.000135952688464414,4.8009986077104e-05,0,7.39699681929137e-05,0,0,0,0.000140482322641068,7.57460990758976e-05,0.00013233639912658,0.000131656902113093,0.000264877273529931,0.000163305299256961,0.000165837479270315,0,0,0,0,3.88893209924555e-05,0.000198675496688742,0.000259897773542407,0,0.00012071463061323,0.000335570469798658,0.000707338638373121,0.000220583601184849,0.000190267801931218,0.000118378218407813,0.000423549343498518,0.000563334942861742,0.000471031559114461,0.000489416370977609,0.000269034167339252,0.000390930414386239,0.000465513228334238,0.000129819550824354,0.000731975112846163,0.0010331140231635,0.000221320545924013,0.000568323091677619,0.00020356648481394,0.000140203294777427,9.45984296660675e-05,0,0.000509510869565217,0.000202367702114742,0.000345622119815668,0.000207210940737671
"k__Bacteria|p__TA06",0.000117905989624273,3.74545863140942e-05,0,0.000150932005131688,0.000227363155800603,0.000133475707421249,5.77667379123101e-05,0.000198129656046917,0.000316115571853069,6.15536131970947e-05,0.000175192711983181,0.000221614833419517,4.80607487864661e-05,0.000210777769971194,0.000106708401508145,0.000108287611897199,0.000323939099449304,0.000409908063477192,0.000138542532557495,6.09050490285645e-05,0.000162932790224033,5.39272521368674e-05,0.000114534417592487,0.000120619986731801,0.000271528316524438,0.000407697325505545,0.000105607772732073,0.000177730383008975,0,5.97407252524046e-05,0.000272776868521549,0.000255705427347695,0.000321295463308058,0.00017497302499198,0.00120116323176128,0.00174566939707265,0.00015319800842589,0.00458325148955673,0.000582156891282201,0.000266965668215068,0.000158498700310657,0.000588562273158291,0.000135952688464414,0.000144029958231312,0.000187916940712205,0.000147939936385827,0,0.000721269434204199,0.000193535900909619,0.00079606649496605,7.57460990758976e-05,0,6.58284510565466e-05,0.000618046971569839,0.000163305299256961,0,6.84275352401807e-05,0.000540832882639265,0.00155098875533152,0.00107958050586058,0.00085556506183402,0.00225165562913907,0.00225244737070086,0,6.03573153066152e-05,0.000201342281879195,0.000412614205717654,9.4535829079221e-05,9.51339009656091e-05,0.000177567327611719,0.00127064803049555,0.000482858522452921,0.00103626943005181,0.00244708185488805,0.00107613666935701,0.00297107114933542,0.000271549383194972,0.000194729326236531,0.000914968891057704,0.000543744222717634,0.000959055699004058,3.55201932298512e-05,0.000162853187851152,0.000280406589554855,0.00075678743732854,0.000451292631036039,0.000396286231884058,0.00101183851057371,0.000403225806451613,0.000799242199988159
"k__Bacteria|p__Saccharibacteria",0.00231881779594403,7.49091726281883e-05,0.000156286629678831,0.000528262017960909,5.68407889501506e-05,4.44919024737498e-05,0.00011553347582462,0.000951022349025202,0.00041095024340899,0.000246214452788379,0.000437981779957954,0.000221614833419517,0.000768971980583457,0.000702592566570646,0.000497972540371345,0.00404273751082876,0.000842241658568189,0.000234233179129824,4.61808441858317e-05,0.000121810098057129,0,0,5.72672087962433e-05,0,0,0.000163078930202218,0.000105607772732073,0.000177730383008975,0,5.97407252524046e-05,0,6.39263568369239e-05,0,5.83243416639935e-05,0.000442533822227842,0,0,0,4.85130742735167e-05,5.33931336430135e-05,0,3.26979040643495e-05,0.000135952688464414,4.8009986077104e-05,9.39584703561026e-05,0.000369849840964568,0,0.000160282096489822,9.67679504548094e-05,0.000187309763521424,7.57460990758976e-05,6.61681995632899e-05,0.000131656902113093,8.8292424509977e-05,0,0,0.000205282605720542,0.000270416441319632,9.69367972082202e-05,0.000385564466378779,0.000622229135879287,0.000198675496688742,0.000173265182361604,7.01459034792368e-05,0.00012071463061323,0.000469798657718121,0.000412614205717654,0.00311968235961429,0.00290158397945108,0.00414323764427345,0.000508259212198221,8.04764204088202e-05,0.000188412623645784,0,0.000448390278898753,0.00117279124315872,0.000814648149584917,0.000129819550824354,0.000121995852141027,0.00212060246859877,0.00103282921431206,0.00131424714950449,0.000447846266590668,0.000210304942166141,0.000283795288998203,0.00103152601379666,0.000113224637681159,5.05919255286856e-05,0.000115207373271889,0.00106565626665088
"k__Bacteria|p__Cloacimonetes",0.000786039930828486,7.49091726281883e-05,7.81433148394155e-05,0,0.000113681577900301,0,0,7.92518624187668e-05,9.48346715559208e-05,0,0,0,0,0,3.55694671693818e-05,3.60958706323997e-05,0.000194363459669582,0.00029279147391228,0.000138542532557495,0,0,2.69636260684337e-05,0,0,0,0,0,0,0.000153952736509891,0,6.81942171303873e-05,0,0.000128518185323223,0.00017497302499198,6.32191174611202e-05,0,0,0,4.85130742735167e-05,0,3.16997400621315e-05,0,0.000135952688464414,0.000384079888616832,0.000563750822136616,0.000295879872771655,0.000469106017960059,0.00152267991665331,0.00145151925682214,0.000468274408803559,0.00030298439630359,0.00026467279825316,0.000460799157395826,0.000264877273529931,0.000408263248142402,0.00033167495854063,0.000752702887641987,0.000270416441319632,0,0.000385564466378779,0.00112779030878121,0.00185430463576159,0.00519795547084813,0.000280583613916947,0.000362143891839691,0.000402684563758389,0.00017683465959328,0.000913846347765803,0.000618370356276459,5.91891092039065e-05,0.00118593816179585,0.000402382102044101,0.000659444182760245,0.000428239324605408,0.00179356111559501,0.000312744331508991,0.000543098766389945,0.000389458652473062,0.000426985482493595,0.00032624653363058,0.00066396163777204,0.000142080772919405,8.14265939255761e-05,0.000490711531720995,0.000851385866994608,0.000838114886209787,0.000735960144927536,0.00080947080845897,0.000288018433179724,0.000680835948138062
"k__Bacteria|p__JL-ETNP-Z39",0.000117905989624273,0.000149818345256377,7.81433148394155e-05,7.54660025658441e-05,0.000113681577900301,0.000133475707421249,0.00011553347582462,0.000277381518465684,6.32231143706139e-05,0,0,0.000369358055699195,0.000192242995145864,0.00196725918639781,0.000142277868677527,0.000216575223794398,0.000129575639779721,0.000351349768694736,0.000138542532557495,0.000243620196114258,0,8.0890878205301e-05,0.000801740923147406,0.00084433990712261,0.00147401086113266,0.00130463144161774,0,8.88651915044877e-05,7.69763682549457e-05,0.00107533305454328,0.00252318603382433,0.00210956977561849,0.000321295463308058,0.00192470327491178,0.000568972057150082,0.000469987914596482,0.000842589046342398,0.000589275191514437,0.000388104594188134,0.000106786267286027,9.50992201863945e-05,9.80937121930484e-05,0,9.60199721542081e-05,9.39584703561026e-05,0.000369849840964568,0.000201045436268597,0.00136239782016349,0.000387071801819237,0.000655584172324982,7.57460990758976e-05,0,6.58284510565466e-05,8.8292424509977e-05,8.16526496284804e-05,8.29187396351575e-05,6.84275352401807e-05,0.000180277627546421,0,7.71128932757557e-05,0,0,0,7.01459034792368e-05,0,0.0010738255033557,0.00129678750368406,0.000346631373290477,4.75669504828045e-05,5.91891092039065e-05,0.00110122829309615,0.000482858522452921,9.42063118228921e-05,0.000122354092744402,0.000358712223119003,0.000390930414386239,0.000155171076111413,0.000778917304946125,6.09979260705136e-05,0,0,0.000568323091677619,0.000284993078739516,0,9.45984296660675e-05,0.000257881503449165,0.000113224637681159,5.05919255286856e-05,0.000172811059907834,2.96015629625244e-05
"k__Bacteria|p__Deferribacteres",7.86039930828486e-05,3.74545863140942e-05,0,0,0,0,0,7.92518624187668e-05,3.16115571853069e-05,0,0,0.000147743222279678,4.80607487864661e-05,0,7.11389343387636e-05,0,0,5.85582947824559e-05,4.61808441858317e-05,6.09050490285645e-05,0,0,2.86336043981216e-05,0,3.87897595034911e-05,0,0,8.88651915044877e-05,0,0,6.81942171303873e-05,0.000319631784184619,0.00038555455596967,0.000554081245807938,0.000316095587305601,6.71411306566403e-05,7.65990042129452e-05,0.000523800170235055,4.85130742735167e-05,0.000106786267286027,0,3.26979040643495e-05,0.000747739786554279,0.000288059916462624,0.000657709292492718,0.000369849840964568,0.000938212035920118,0.000320564192979644,0.000290303851364428,0.00187309763521424,0.00143917588244205,0.00125719579170251,0.00184319662958331,0.00150097121666961,0.00220462153996897,0.00232172470978441,0.00321609415628849,0.00594916170903191,0.00019387359441644,0.000462677359654534,7.77786419849109e-05,6.62251655629139e-05,8.66325911808022e-05,0.00021043771043771,0,0,5.89448865310934e-05,9.4535829079221e-05,0,0.000118378218407813,0,0,9.42063118228921e-05,0,8.96780557797507e-05,7.81860828772478e-05,0.00011637830708356,6.49097754121771e-05,0.000182993778211541,0,7.37735153080044e-05,3.55201932298512e-05,0,0,9.45984296660675e-05,6.44703758622913e-05,5.66123188405797e-05,0,5.76036866359447e-05,0.000118406251850098
"k__Bacteria|p__Acetothermia",0,0,0,0,0,0,0,0,0,0,0,0,0,0,0,0,0,0,0,0,0,0,0,0,0,0,0,0,0,0,0,0,0,0,0,0,0,0,0,0,0,0,0.000407858065393243,0.000672139805079457,0.000657709292492718,0.000961609586507878,0.00100522718134298,0.00080141048244911,0.000483839752274047,0.000842893935846406,0.000530222693531283,0.000595513796069609,0.00039497070633928,0.0011478015186297,0.000326610598513922,0.00066334991708126,0.000547420281921445,0.000811249323958897,0.000290810391624661,0.000848241826033313,0.000350003888932099,0.000397350993377483,0.000433162955904011,0.000701459034792368,0.00132786093674553,0.000671140939597315,0.000471559092248747,0.000535703031448919,0.000285401702896827,0.000591891092039065,0.000677678949597628,0.000643811363270562,0.000659444182760245,0.000428239324605408,0.000986458613577258,0.000469116497263487,0.000387927690278532,0.000843827080358302,0.000792973038916677,0.000706867489532924,0.00066396163777204,0.000852484637516428,0.000569986157479033,0.00077111812127585,0.000851385866994608,0.000709174134485204,0.000396286231884058,0.000505919255286856,0.000691244239631336,0.000414421881475342
"k__Bacteria|p__TM6",0.000353717968872819,0.000187272931570471,0.00195358287098539,0.00037733001282922,5.68407889501506e-05,0.000400427122263748,0.00011553347582462,0.000594388968140751,3.16115571853069e-05,0.000184660839591284,0.000175192711983181,0.000221614833419517,9.61214975729322e-05,0.000632333309913581,0.0003912641388632,0.000902396765809991,0.000842241658568189,0.000585582947824559,0.000461808441858317,0.000913575735428467,0.000896130346232179,0.00172567206837976,0.00151758103310045,0.000482479946927206,0.00166795965865012,0.000570776255707763,0.000105607772732073,0,0.000153952736509891,0.000716888703028855,0.000204582651391162,0.000255705427347695,0.000128518185323223,0.000145810854159984,0.00120116323176128,0.000402846783939842,0.000536193029490617,0.000785700255352583,0.00014553922282055,0.000640717603716162,0.000190198440372789,0.000163489520321747,6.79763442322072e-05,4.8009986077104e-05,9.39584703561026e-05,0,6.70151454228656e-05,0.000240423144734733,0.000193535900909619,0.000327792086162491,0.000151492198151795,6.61681995632899e-05,0,8.8292424509977e-05,0,8.29187396351575e-05,0,9.01388137732107e-05,0,0.000385564466378779,0,0.000132450331125828,0.000173265182361604,0.00154320987654321,0.00012071463061323,0.000134228187919463,5.89448865310934e-05,0.000252095544211256,0.000142700851448414,0.000295945546019532,0.000169419737399407,8.04764204088202e-05,0,6.11770463722012e-05,0.000179356111559501,7.81860828772478e-05,3.87927690278532e-05,0.000389458652473062,6.09979260705136e-05,0,0,0.000319681739068661,4.0713296962788e-05,7.01016473887136e-05,0,0.00051576300689833,5.66123188405797e-05,0.000101183851057371,0.000230414746543779,0.000621632822213013
"k__Bacteria|p__WCHB1-60",0.000510925955038516,0.000337091276826847,7.81433148394155e-05,0.000150932005131688,5.68407889501506e-05,0.000177967609894999,0.000924267806596962,0.000594388968140751,0.00218119744578618,0.000738643358365136,0.00122634898388227,0.00118194577823742,4.80607487864661e-05,0.000562074053256517,0.00128050081809774,0.000252671094426798,0.00200842241658568,0.000175674884347368,0.000369446753486654,0,0.000244399185336049,0.00124032679914795,5.72672087962433e-05,6.03099933659007e-05,3.87897595034911e-05,0.000163078930202218,0,8.88651915044877e-05,0,0.000119481450504809,6.81942171303873e-05,6.39263568369239e-05,0,0.000116648683327987,6.32191174611202e-05,0.000134282261313281,0,6.54750212793819e-05,0,0.000106786267286027,3.16997400621315e-05,3.26979040643495e-05,6.79763442322072e-05,4.8009986077104e-05,0,0.000147939936385827,0,0.000160282096489822,0,0,0.000151492198151795,6.61681995632899e-05,0,0.000353169698039908,0,0,0,0,0.00019387359441644,0.000231338679827267,7.77786419849109e-05,6.62251655629139e-05,8.66325911808022e-05,0.000140291806958474,0,0.000268456375838926,0.000353669319186561,0.00063023886052814,0.000428102554345241,0.000118378218407813,0.000169419737399407,0.000643811363270562,0.000188412623645784,0.000305885231861006,0.00179356111559501,0.00125097732603597,0.000543098766389945,0.000324548877060885,6.09979260705136e-05,0.00048936980044587,0.000147547030616009,7.10403864597023e-05,0.000447846266590668,0.00119172800560813,0.000189196859332135,0.000580233382760621,0.000113224637681159,0.000101183851057371,0.000172811059907834,8.88046888875733e-05
"k__Bacteria|p__Omnitrophica",0.000471623958497092,0.000224727517884565,7.81433148394155e-05,0.000301864010263376,0.000227363155800603,0.000444919024737498,0.000519900641210791,0.000673640830559518,0.00151735474489473,0.000492428905576757,0.000525578135949545,0.000369358055699195,0.000961214975729322,0.000351296283285323,0,7.21917412647993e-05,0.000129575639779721,0.000234233179129824,9.23616883716634e-05,0,0,0,2.86336043981216e-05,0,7.75795190069822e-05,0.000163078930202218,5.28038863660365e-05,0,7.69763682549457e-05,5.97407252524046e-05,0.000409165302782324,0.000767116282043086,0.000706850019277728,0.000145810854159984,0.000568972057150082,0.000268564522626561,7.65990042129452e-05,0.00032737510639691,0,0.000320358801858081,6.3399480124263e-05,0.000163489520321747,0.000271905376928829,0.00024004993038552,0.000187916940712205,0.000369849840964568,0.000871196890497252,0.000400705241224555,9.67679504548094e-05,0,0,6.61681995632899e-05,0,0.000264877273529931,0.000163305299256961,0.00066334991708126,0.000478992746681265,9.01388137732107e-05,0.00019387359441644,0.000385564466378779,7.77786419849109e-05,6.62251655629139e-05,0,0.000350729517396184,0.000422501207146306,0.000134228187919463,5.89448865310934e-05,0.000157559715132035,0.000237834752414023,0.000118378218407813,0.000592969080897925,0,0,0.00146824911293283,0.000807102502017756,0.000703674745895231,0.000349134921250679,0.000194729326236531,0.000121995852141027,0.000380620955902344,0.000368867576540022,3.55201932298512e-05,0.000284993078739516,7.01016473887136e-05,0.000945984296660675,0.000128940751724583,0.00107563405797101,0.000556511180815542,0.000230414746543779,2.96015629625244e-05
"k__Bacteria|p__Caldiserica",0.000235811979248546,0,0,0,0,4.44919024737498e-05,5.77667379123101e-05,0.000277381518465684,0.000126446228741228,0.000184660839591284,0.00218990889978977,0.000443229666839034,0,0.000140518513314129,7.11389343387636e-05,3.60958706323997e-05,0,0.000117116589564912,4.61808441858317e-05,0,0,2.69636260684337e-05,0,0,0,0,0,0,0,0,0,0,6.42590926616116e-05,8.74865124959902e-05,6.32191174611202e-05,6.71411306566403e-05,0,0.000130950042558764,0,0,0,0,0.000271905376928829,0.000288059916462624,0.000187916940712205,0.000517789777350396,0.000335075727114328,0.000480846289469466,0.000580607702728856,4.68274408803559e-05,0.000454476594455386,0.00019850459868987,0.00039497070633928,0.000353169698039908,0.000734873846656324,0.000414593698175788,0.000615847817161626,0.000540832882639265,0.000387747188832881,0.00053979025293029,0.000350003888932099,0.000397350993377483,0.000259897773542407,0.000420875420875421,0.000482858522452921,0.000402684563758389,0.000707338638373121,0.000504191088422512,9.51339009656091e-05,0.000532701982835158,0.000508259212198221,8.04764204088202e-05,0.000565237870937353,0.000489416370977609,0.000448390278898753,0.000234558248631744,0.000193963845139266,0.000259639101648708,0.00231792119067952,0.000434995378174107,0.000147547030616009,0.000284161545838809,0.000284993078739516,0.000140203294777427,0.00037839371866427,0.000580233382760621,0.000509510869565217,0.000151775776586057,0.000230414746543779,0.000207210940737671
"k__Bacteria|p__Fusobacteria",0,0,0,0,0,0,0,0,3.16115571853069e-05,0,0,0,0,0,0,7.21917412647993e-05,0,5.85582947824559e-05,0,6.09050490285645e-05,0,0,0,0,0,0,0,0,0,0.000119481450504809,0,6.39263568369239e-05,0,0.000320783879151964,6.32191174611202e-05,6.71411306566403e-05,0,0,0,0,3.16997400621315e-05,3.26979040643495e-05,0,0,0.000657709292492718,7.39699681929137e-05,0.000469106017960059,0,0.000193535900909619,4.68274408803559e-05,0,6.61681995632899e-05,0.000131656902113093,0.000353169698039908,0.000816526496284804,0.000580431177446103,0.00506363760777337,0.000721110510185686,0.00019387359441644,0.000154225786551511,3.88893209924555e-05,6.62251655629139e-05,8.66325911808022e-05,0,6.03573153066152e-05,0,5.89448865310934e-05,0.000220583601184849,9.51339009656091e-05,0.000887836638058597,0.000169419737399407,0,0,0,8.96780557797507e-05,0,0.000232756614167119,0,0.00243991704282054,0.000108748844543527,0,0,0,0,0,0,0,0,5.76036866359447e-05,0
"k__Bacteria|p__",0.00133626788240843,0.000636727967339601,0.000156286629678831,0,5.68407889501506e-05,0,5.77667379123101e-05,0.000356633380884451,0.000316115571853069,6.15536131970947e-05,0.000175192711983181,7.3871611139839e-05,4.80607487864661e-05,7.02592566570646e-05,7.11389343387636e-05,0,6.47878198898607e-05,0.000117116589564912,0,0.000121810098057129,0,8.0890878205301e-05,0.00017180162638873,0,0,0.000244618395303327,0.000844862181856585,0.000444325957522438,7.69763682549457e-05,0.000179222175757214,0.000136388434260775,0.000191779070510772,6.42590926616116e-05,2.91621708319967e-05,6.32191174611202e-05,6.71411306566403e-05,0,0,4.85130742735167e-05,5.33931336430135e-05,9.50992201863945e-05,0,0,4.8009986077104e-05,0.000281875411068308,7.39699681929137e-05,0.000201045436268597,0,9.67679504548094e-05,4.68274408803559e-05,7.57460990758976e-05,0.00013233639912658,0.000131656902113093,8.8292424509977e-05,0,0.000248756218905473,0,0,0.000484683986041101,0.000308451573103023,3.88893209924555e-05,0,8.66325911808022e-05,0,0,6.71140939597315e-05,0.000294724432655467,0.000567214974475326,4.75669504828045e-05,0,0,0.00016095284081764,9.42063118228921e-05,6.11770463722012e-05,0,0.000390930414386239,0.000271549383194972,0.000129819550824354,0,0,7.37735153080044e-05,0,0.000284993078739516,0.000210304942166141,0,0.000193411127586874,5.66123188405797e-05,5.05919255286856e-05,5.76036866359447e-05,0.00118406251850098
"k__Bacteria|p__Fibrobacteres",0.000157207986165697,0,0,0,5.68407889501506e-05,0,0,7.92518624187668e-05,3.16115571853069e-05,6.15536131970947e-05,0,0.000221614833419517,0.00024030374393233,0.000210777769971194,0.000177847335846909,0.000180479353161998,0.000388726919339164,5.85582947824559e-05,4.61808441858317e-05,0.000121810098057129,0,0.000134818130342168,0.000114534417592487,6.03099933659007e-05,0.000426687354538402,0,0.000105607772732073,8.88651915044877e-05,0,5.97407252524046e-05,0.000136388434260775,6.39263568369239e-05,0,2.91621708319967e-05,6.32191174611202e-05,0.000134282261313281,0,6.54750212793819e-05,4.85130742735167e-05,0,3.16997400621315e-05,0,0,0,0.000187916940712205,0,0,0.00080141048244911,0.000677375653183666,0,0.000151492198151795,0,0,0,0.000244957948885441,8.29187396351575e-05,0,9.01388137732107e-05,9.69367972082202e-05,7.71128932757557e-05,7.77786419849109e-05,0,8.66325911808022e-05,0,0,0.000134228187919463,0.000412614205717654,0.00031511943026407,0.000285401702896827,5.91891092039065e-05,0.000169419737399407,8.04764204088202e-05,0.000188412623645784,0.000428239324605408,0,0.000547302580140735,3.87927690278532e-05,0.000389458652473062,0.000304989630352568,0.000598118644989397,0.000221320545924013,0.000426242318758214,4.0713296962788e-05,7.01016473887136e-05,9.45984296660675e-05,6.44703758622913e-05,0,5.05919255286856e-05,0,5.92031259250488e-05
"k__Bacteria|p__Atribacteria",0,0,0,0,0,0,0,0,0,0,0,0,0,0,0,0,0,0,0,0,0,0,0,0,0,0,0,0,0,0,0,6.39263568369239e-05,6.42590926616116e-05,0,0,0,0,0,4.85130742735167e-05,5.33931336430135e-05,0,6.53958081286989e-05,0.000339881721161036,9.60199721542081e-05,0.000469792351780513,7.39699681929137e-05,0.000402090872537193,0.000160282096489822,0,0.000234137204401779,7.57460990758976e-05,0.00013233639912658,0.000263313804226187,0.000353169698039908,0.000408263248142402,0,0.000136855070480361,0,9.69367972082202e-05,0.000308451573103023,0.000194446604962277,0.000132450331125828,8.66325911808022e-05,0.000140291806958474,0.00012071463061323,0,0.00017683465959328,3.1511943026407e-05,4.75669504828045e-05,5.91891092039065e-05,0.000254129606099111,0.00016095284081764,0,0,8.96780557797507e-05,0.000234558248631744,7.75855380557064e-05,0.000129819550824354,0.00280590459924363,0.000271872111358817,7.37735153080044e-05,0.000142080772919405,0.000122139890888364,0,0.000283795288998203,0.000128940751724583,0.000113224637681159,0.000303551553172114,5.76036866359447e-05,0.00026641406666272
"k__Bacteria|p__Marinimicrobia (SAR406 clade)",0,0,0,0,0,0,0,0,0,0,0,0,0,0,0,0,0,0,0,0,0,0,0,0,0,0,0,0,0,0,0,0,0,0,0,0,0,0,0,0,0,0,6.79763442322072e-05,9.60199721542081e-05,0.000187916940712205,7.39699681929137e-05,0.000335075727114328,0,0.000387071801819237,0.000187309763521424,7.57460990758976e-05,0.000463177396943029,0.000460799157395826,0.000353169698039908,0.000163305299256961,8.29187396351575e-05,0.000136855070480361,9.01388137732107e-05,0.00019387359441644,0.000385564466378779,7.77786419849109e-05,0.00033112582781457,0.000346530364723209,0.000280583613916947,0.000181071945919845,0.000335570469798658,5.89448865310934e-05,0.000252095544211256,0.000142700851448414,0.000177567327611719,8.47098686997035e-05,0.000241429261226461,9.42063118228921e-05,0.000122354092744402,8.96780557797507e-05,0.000156372165754496,0.00011637830708356,0.000129819550824354,0.000304989630352568,0.00016312326681529,0.000221320545924013,0.000142080772919405,0.000122139890888364,0.000420609884332282,0.000189196859332135,0.000193411127586874,0.000113224637681159,0.000455327329758171,0.000288018433179724,0.000118406251850098
"k__Bacteria|p__Gracilibacteria",0,3.74545863140942e-05,0,0,0,0,5.77667379123101e-05,3.96259312093834e-05,3.16115571853069e-05,0,0,0,0,0,0,0.000180479353161998,0.00090702947845805,0,4.61808441858317e-05,6.09050490285645e-05,0,0,0.00017180162638873,6.03099933659007e-05,7.75795190069822e-05,0,0,0,0,5.97407252524046e-05,0,6.39263568369239e-05,0.000192777277984835,0.000524919074975941,0,0,0,0.000458325148955673,9.70261485470334e-05,0.0019755459447915,6.3399480124263e-05,0.000719353889415689,0,4.8009986077104e-05,9.39584703561026e-05,0,6.70151454228656e-05,0,9.67679504548094e-05,0.000561929290564271,0,0,6.58284510565466e-05,0,0,0,6.84275352401807e-05,0,0,7.71128932757557e-05,3.88893209924555e-05,0,0,0,0,6.71140939597315e-05,0,0.000252095544211256,0,0.000177567327611719,0,0,0,0,8.96780557797507e-05,0.00125097732603597,3.87927690278532e-05,6.49097754121771e-05,0,0.000217497689087053,0,3.55201932298512e-05,0,0,0,6.44703758622913e-05,5.66123188405797e-05,0,0.000288018433179724,5.92031259250488e-05
"k__Bacteria|p__Candidate division OP3",0.000117905989624273,0.000486909622083224,0.000156286629678831,0,0.000113681577900301,0.000133475707421249,0.00011553347582462,0.000317007449675067,0.000316115571853069,0.000369321679182568,0.000175192711983181,7.3871611139839e-05,0,0,0,0,0,0.000117116589564912,4.61808441858317e-05,0,8.14663951120163e-05,8.0890878205301e-05,5.72672087962433e-05,0,3.87897595034911e-05,8.15394651011089e-05,0,0,0,0.000119481450504809,0,0,6.42590926616116e-05,2.91621708319967e-05,0,0.000134282261313281,0,0.000196425063838146,0,5.33931336430135e-05,0,3.26979040643495e-05,0,4.8009986077104e-05,0,7.39699681929137e-05,0,0,0,0,0,0,0,0.000176584849019954,0,0,6.84275352401807e-05,9.01388137732107e-05,9.69367972082202e-05,0.000154225786551511,0.000933343703818931,0.000397350993377483,0.000606428138265616,0.000140291806958474,0,6.71140939597315e-05,0,3.1511943026407e-05,4.75669504828045e-05,0.000295945546019532,0.000677678949597628,0,0,0,0,7.81860828772478e-05,3.87927690278532e-05,6.49097754121771e-05,0.000731975112846163,0,7.37735153080044e-05,0,8.14265939255761e-05,7.01016473887136e-05,0.000283795288998203,0,0.000283061594202899,5.05919255286856e-05,0,8.88046888875733e-05
"k__Bacteria|p__Chlamydiae",0,7.49091726281883e-05,0.000234429944518246,0.000150932005131688,5.68407889501506e-05,4.44919024737498e-05,0.00011553347582462,0.000158503724837534,9.48346715559208e-05,0,0.000175192711983181,0.000221614833419517,4.80607487864661e-05,0,7.11389343387636e-05,0.000180479353161998,0.000842241658568189,0,0.00027708506511499,0.000121810098057129,8.14663951120163e-05,0.000781945155984577,2.86336043981216e-05,0.000180929980097702,0.000465477114041893,8.15394651011089e-05,0,0,0.000153952736509891,5.97407252524046e-05,0,0,0.000128518185323223,0,0.000632191174611202,0.000134282261313281,7.65990042129452e-05,0.000720225234073201,4.85130742735167e-05,5.33931336430135e-05,3.16997400621315e-05,6.53958081286989e-05,0,0,0,0.000147939936385827,0.000134030290845731,8.0141048244911e-05,0,0,7.57460990758976e-05,0,0,0,0,0.000165837479270315,6.84275352401807e-05,0,0.00019387359441644,0.000462677359654534,0,6.62251655629139e-05,0,0.000140291806958474,0,0,0,0.000220583601184849,0,0.000118378218407813,0,0,0,0,8.96780557797507e-05,0.000156372165754496,3.87927690278532e-05,0.000129819550824354,0,0,0,3.55201932298512e-05,8.14265939255761e-05,0.000140203294777427,0,0,5.66123188405797e-05,5.05919255286856e-05,0,0
"k__Archaea|p__Woesearchaeota (DHVEG-6)",0.000353717968872819,0,0,0,5.68407889501506e-05,0.000489410927211248,5.77667379123101e-05,0,0.000189669343111842,0.000246214452788379,0,0.000295486444559356,4.80607487864661e-05,0,0,0,0,0,4.61808441858317e-05,0,0,0,0,0,3.87897595034911e-05,0,0.000211215545464146,0,0,0,0,0,0,0,6.32191174611202e-05,6.71411306566403e-05,0,0.000130950042558764,0,0,3.16997400621315e-05,0,0,4.8009986077104e-05,0,0,0,0,0,4.68274408803559e-05,0,0,0,0,0,0,0.000136855070480361,0,0,0,0.000116667962977366,0.00033112582781457,0,0,0,0.000134228187919463,0,3.1511943026407e-05,4.75669504828045e-05,0,0.000169419737399407,0,0.000659444182760245,0.000367062278233207,0.000358712223119003,0.000703674745895231,0.000581891535417798,6.49097754121771e-05,0.000975966817128218,5.43744222717634e-05,0.000295094061232018,0,0.00020356648481394,7.01016473887136e-05,0,6.44703758622913e-05,0.000113224637681159,0.000101183851057371,0.000230414746543779,5.92031259250488e-05
"k__Bacteria|p__SM2F11",0.000157207986165697,0.000187272931570471,0.00164100961162773,0.00113199003848766,0.000511567100551356,0,0.000577667379123101,0.000237755587256301,0.000221280900297149,0.000369321679182568,8.75963559915907e-05,0.000221614833419517,0.000144182246359398,0,0,0,0,0,9.23616883716634e-05,0.000121810098057129,0.000162932790224033,5.39272521368674e-05,0,0,0,0,5.28038863660365e-05,8.88651915044877e-05,0,0,0,0,0,0,0,0,0,0,0,0,0,0,0,0,0,7.39699681929137e-05,0,0,0,0,0,0,0,0,0,0,0,0,0,0,0,0,8.66325911808022e-05,0,0,0,5.89448865310934e-05,0,0,0,0,8.04764204088202e-05,0,0,0,0,3.87927690278532e-05,0.000129819550824354,0,0,0,0,0,0,0,0,5.66123188405797e-05,0,0,0
"k__Bacteria|p__Hyd24-12",0,0,0,0,0,0,0,0,0,0,0,0,0,0,0,0,0,5.85582947824559e-05,0,0,0,0,0,0,0,0,0,0.000177730383008975,0,0,0,0,0,0,6.32191174611202e-05,0,0,0,0,0,3.16997400621315e-05,3.26979040643495e-05,0,0,0,0,0,0,0,0,0,6.61681995632899e-05,0,0,0,0,0,0,0,0,0.000933343703818931,0.00152317880794702,0.00225244737070086,0,6.03573153066152e-05,6.71140939597315e-05,5.89448865310934e-05,0,9.51339009656091e-05,5.91891092039065e-05,8.47098686997035e-05,0,0,0,0,0,3.87927690278532e-05,0,0,0,7.37735153080044e-05,0,0,0,0,0,0,0,0,0.000118406251850098
"k__Bacteria|p__GOUTA4",0,0,0,0,0,4.44919024737498e-05,0,0,0,0,0,0,0,0,3.55694671693818e-05,0.000180479353161998,0,0,0,0,0,0,0.000229068835184973,0,7.75795190069822e-05,0.000163078930202218,0,0,0,5.97407252524046e-05,6.81942171303873e-05,0.000191779070510772,0.000192777277984835,5.83243416639935e-05,0,0,0,0,0,0,0,3.26979040643495e-05,0,0,0,0,0,0.000160282096489822,9.67679504548094e-05,4.68274408803559e-05,0,0,0,0,0,0,6.84275352401807e-05,0,0,0,0,0,0,0,0,6.71140939597315e-05,0,3.1511943026407e-05,4.75669504828045e-05,0,8.47098686997035e-05,0,0.000282618935468676,0.000183531139116603,0.000269034167339252,0.000234558248631744,7.75855380557064e-05,0,0.000243991704282054,0,7.37735153080044e-05,7.10403864597023e-05,4.0713296962788e-05,7.01016473887136e-05,0.000283795288998203,0.000386822255173748,0.000339673913043478,5.05919255286856e-05,5.76036866359447e-05,5.92031259250488e-05
"k__Bacteria|p__Candidate division SR1",3.93019965414243e-05,0,0,0,0,0,0,0,0,0,0,0,0,0.000210777769971194,0.000426833606032582,0,6.47878198898607e-05,0,0,0,0,0,0,0,0,0,0.00015841165909811,0,0,0,0,0,0,0,0,0,0,0,0,0,0,0,0,0,0,0,0,0,0,0,0,0,0,0,0,0,0,0,0,0,0,6.62251655629139e-05,0,0,0,0.000268456375838926,0.000589448865310934,0.000220583601184849,0,0,0,0,0.000188412623645784,0.000122354092744402,0,0.000938232994526974,0.00011637830708356,6.49097754121771e-05,6.09979260705136e-05,5.43744222717634e-05,0,3.55201932298512e-05,0.00040713296962788,0,0,0,0,0,0,0
"k__Bacteria|p__Microgenomates",0,3.74545863140942e-05,0,0,5.68407889501506e-05,0,5.77667379123101e-05,0,3.16115571853069e-05,0,0,0.000221614833419517,4.80607487864661e-05,0.000421555539942387,0.000106708401508145,0.000288766965059197,0.000259151279559443,0.000117116589564912,0,0,0,0.000377490764958072,0,0,0,0,0,0,0,5.97407252524046e-05,0,0,0,0,0,0,0,0,0,0,0,0,0,0,0,0,0,0,0,0.000280964645282135,0,0,0,0,0,0,0,0,0,0,0,0,0,0,0,0,0,3.1511943026407e-05,0,0,0.000169419737399407,0,0,0,0.000986458613577258,0,0,6.49097754121771e-05,0.000182993778211541,0,0,0,4.0713296962788e-05,0,0,0,0,0,0,0
"k__Bacteria|p__Dictyoglomi",0,0,0,0,0,0,0,0,0,0,0,0,0.000768971980583457,7.02592566570646e-05,0,0,0,0,0,0,0,0,0,0,0,0,0,0,0,0,0,0,0,0,6.32191174611202e-05,0,0,0,0,5.33931336430135e-05,0,0,0,0,0,7.39699681929137e-05,0,8.0141048244911e-05,9.67679504548094e-05,0,0,0,0,0,0,0,6.84275352401807e-05,0,0,0,0,0,0,0,0,0,0,0,0,0,0,0,0,0.000183531139116603,0,7.81860828772478e-05,0,0,0,0,0,0,0,0,0,0,0,0,0,0
"k__Bacteria|p__Aerophobetes",0,0.000112363758942282,0,0.000150932005131688,0,4.44919024737498e-05,0,3.96259312093834e-05,0,0,0,0,0,0,0,0,0,0,0,0,0,0,8.59008131943649e-05,6.03099933659007e-05,0,8.15394651011089e-05,5.28038863660365e-05,0,0,5.97407252524046e-05,0,0,0,0,6.32191174611202e-05,0,0,0,0,0,0,0,0,0,0,0,0,0,9.67679504548094e-05,0,0,0,0,0,0,0,0,0,0,0,0,0,0,0,0,0.000134228187919463,0.00017683465959328,0,4.75669504828045e-05,0,0,0,0,0,8.96780557797507e-05,0,0,0,0,0,0,0,0,0,0,0,5.66123188405797e-05,0,5.76036866359447e-05,0
"k__Bacteria|p__Tenericutes",0,0,0,0,0,0,0,0,0,0,0,0,4.80607487864661e-05,0.000281037026628258,0.000177847335846909,0,0,0,0,0,0,0,0,0.000120619986731801,0,0,0,0,0,0,6.81942171303873e-05,0,0,0,0,0,0,0,0,5.33931336430135e-05,0,0,0,0,0,0,0,0,0,0,0,0,0,0,0,0,0,0,0,0,0,0,0,0,0,6.71140939597315e-05,0.000235779546124374,0,0,0,0,0,0,0,0,0,0,0,0,0,0,0,0.000122139890888364,0,0,0,0,0,0,0
"k__Bacteria|p__LCP-89",0,0,0,7.54660025658441e-05,0,0,0,3.96259312093834e-05,0,0,0,0,0,0,0,0,0,0,0,0,0,0,0,0,0,0,0,0,0,0,0,0,0,0,0,0,0,6.54750212793819e-05,0,0,0,0,0,0,0,0,0,0,0,0,0,0,0,0,0,0,0,0,0,0,0,0,0,0,0,6.71140939597315e-05,0,3.1511943026407e-05,0,0,0,0,0,0,0,0,0,0,0,0,0,0,0,0,0,0,0,0,0,0
